Name,Price,Rating,Reviews,ImageURL,URL
Carl F. Bucherer,49000.0,0.0,0,https://m.media-amazon.com/images/I/91o5uHd1CWL._AC_UL320_.jpg,https://www.amazon.com/Carl-F-Bucherer-Perpetual-00-10902-03-16-21/dp/B01MDTJOR5/ref=sr_1_20?dib=eyJ2IjoiMSJ9.MENal4-7yZMAdovrVWpZVg6wSUIJpaLXxasotdQQH1t0v2qeG_lKHlAZCuaFlKElIe59gdP5Lxy4bOaF_hkHKk1g2IM8Y_4HJUXc6G5S-_NIblUrlosixo-1bdBaTl1r8G1cajRkoIB498zLX-nYaxwJlx-iQdwmohSUOA6K3Td8wiqu5C5vjXnd7NC151ZIiC7P7xlIwD7wa9d4yAYgRxrP2xNJui1AzIARCadPRtmyFwF4zQpAeyNKBxSeMVn8EyjyNswEU4PpuVvu9He-qbM-9FgxAtK2cXXg3Q4JYXs.QsVEmd7DQRE9TyaDThUyROCSbeJyZVuHQMndY5lNCFM&dib_tag=se&keywords=watch&qid=1738645934&sr=8-20
Hublot,46000.0,5.0,1,https://m.media-amazon.com/images/I/51Ku7oxbGoL._AC_UL320_.jpg,https://www.amazon.com/Hublot-Spirit-Diamond-Watch-601-OX-0183-LR-1104/dp/B0187UGGT8/ref=sr_1_29?dib=eyJ2IjoiMSJ9.MENal4-7yZMAdovrVWpZVg6wSUIJpaLXxasotdQQH1t0v2qeG_lKHlAZCuaFlKElIe59gdP5Lxy4bOaF_hkHKk1g2IM8Y_4HJUXc6G5S-_NIblUrlosixo-1bdBaTl1r8G1cajRkoIB498zLX-nYaxwJlx-iQdwmohSUOA6K3Td8wiqu5C5vjXnd7NC151ZIiC7P7xlIwD7wa9d4yAYgRxrP2xNJui1AzIARCadPRtmyFwF4zQpAeyNKBxSeMVn8EyjyNswEU4PpuVvu9He-qbM-9FgxAtK2cXXg3Q4JYXs.QsVEmd7DQRE9TyaDThUyROCSbeJyZVuHQMndY5lNCFM&dib_tag=se&keywords=watch&qid=1738645934&sr=8-29
Hublot,45000.0,5.0,1,https://m.media-amazon.com/images/I/81mxsfSivpL._AC_UL320_.jpg,https://www.amazon.com/Hublot-Classic-Fusion-Watch-565-OX-9010-LR-1704/dp/B00KQ6DGKO/ref=sr_1_19?dib=eyJ2IjoiMSJ9.MENal4-7yZMAdovrVWpZVg6wSUIJpaLXxasotdQQH1t0v2qeG_lKHlAZCuaFlKElIe59gdP5Lxy4bOaF_hkHKk1g2IM8Y_4HJUXc6G5S-_NIblUrlosixo-1bdBaTl1r8G1cajRkoIB498zLX-nYaxwJlx-iQdwmohSUOA6K3Td8wiqu5C5vjXnd7NC151ZIiC7P7xlIwD7wa9d4yAYgRxrP2xNJui1AzIARCadPRtmyFwF4zQpAeyNKBxSeMVn8EyjyNswEU4PpuVvu9He-qbM-9FgxAtK2cXXg3Q4JYXs.QsVEmd7DQRE9TyaDThUyROCSbeJyZVuHQMndY5lNCFM&dib_tag=se&keywords=watch&qid=1738645934&sr=8-19
Rolex,20495.0,3.1,10,https://m.media-amazon.com/images/I/712BY6k-jJL._AC_UL320_.jpg,https://www.amazon.com/Rolex-Submariner-Green-Steel-116610LV/dp/B00VMZ3TW8/ref=sr_1_25?dib=eyJ2IjoiMSJ9.MENal4-7yZMAdovrVWpZVg6wSUIJpaLXxasotdQQH1t0v2qeG_lKHlAZCuaFlKElIe59gdP5Lxy4bOaF_hkHKk1g2IM8Y_4HJUXc6G5S-_NIblUrlosixo-1bdBaTl1r8G1cajRkoIB498zLX-nYaxwJlx-iQdwmohSUOA6K3Td8wiqu5C5vjXnd7NC151ZIiC7P7xlIwD7wa9d4yAYgRxrP2xNJui1AzIARCadPRtmyFwF4zQpAeyNKBxSeMVn8EyjyNswEU4PpuVvu9He-qbM-9FgxAtK2cXXg3Q4JYXs.QsVEmd7DQRE9TyaDThUyROCSbeJyZVuHQMndY5lNCFM&dib_tag=se&keywords=watch&qid=1738645934&sr=8-25
Apple,799.0,4.7,1187,https://m.media-amazon.com/images/I/71l2pSLyWRL._AC_UL320_.jpg,https://www.amazon.com/Apple-Cellular-Smartwatch-Precision-Extra-Long/dp/B0CSVB9C5G/ref=sr_1_66?dib=eyJ2IjoiMSJ9.IPNacHMVEsRcMHMbl08zRSmHs9ePf-BfqMqgpZevTZon1J9rhiGgToI90jJbAMj11hdqzyCsxHWys-AZKflKlmTcrlwn3A3tTWHwqgenPL8CqKreCMGQbrHKNzNfpEG3RJxQe609JXfk6ZeEKMW1DG3ccMBAfnV1E4Jd6rnuo4722cbkFeHwuQcUVevG6gQ-bO2SVr31B6WVxgY2e3YqQTBgXjZXKkWgGDPvcdmQt75-JsljeRn9d00LJKWurgAhkinyDxyBk2PUi_XSdEywdPijzy01phVvq5QiEZh7DpQ.emUm3WFUAByCgkndjWr_PByuTa4pNptEFlEeuQ6UevQ&dib_tag=se&keywords=watch&qid=1738645953&sr=8-66
Garmin,446.21,4.6,317,https://m.media-amazon.com/images/I/71LWMXQeaYL._AC_UL320_.jpg,https://www.amazon.com/Garmin-Instinct-Solar-Smartwatch-Built/dp/B0BW2VKGXX/ref=sr_1_40?dib=eyJ2IjoiMSJ9.MENal4-7yZMAdovrVWpZVg6wSUIJpaLXxasotdQQH1t0v2qeG_lKHlAZCuaFlKElIe59gdP5Lxy4bOaF_hkHKk1g2IM8Y_4HJUXc6G5S-_NIblUrlosixo-1bdBaTl1r8G1cajRkoIB498zLX-nYaxwJlx-iQdwmohSUOA6K3Td8wiqu5C5vjXnd7NC151ZIiC7P7xlIwD7wa9d4yAYgRxrP2xNJui1AzIARCadPRtmyFwF4zQpAeyNKBxSeMVn8EyjyNswEU4PpuVvu9He-qbM-9FgxAtK2cXXg3Q4JYXs.QsVEmd7DQRE9TyaDThUyROCSbeJyZVuHQMndY5lNCFM&dib_tag=se&keywords=watch&qid=1738645934&sr=8-40
Amazon Renewed,408.0,4.1,1415,https://m.media-amazon.com/images/I/810JR81LIsL._AC_UL320_.jpg,https://www.amazon.com/Apple-Watch-Ultra-Cellular-Titanium/dp/B0BX4XG53Z/ref=sr_1_31?dib=eyJ2IjoiMSJ9.MENal4-7yZMAdovrVWpZVg6wSUIJpaLXxasotdQQH1t0v2qeG_lKHlAZCuaFlKElIe59gdP5Lxy4bOaF_hkHKk1g2IM8Y_4HJUXc6G5S-_NIblUrlosixo-1bdBaTl1r8G1cajRkoIB498zLX-nYaxwJlx-iQdwmohSUOA6K3Td8wiqu5C5vjXnd7NC151ZIiC7P7xlIwD7wa9d4yAYgRxrP2xNJui1AzIARCadPRtmyFwF4zQpAeyNKBxSeMVn8EyjyNswEU4PpuVvu9He-qbM-9FgxAtK2cXXg3Q4JYXs.QsVEmd7DQRE9TyaDThUyROCSbeJyZVuHQMndY5lNCFM&dib_tag=se&keywords=watch&qid=1738645934&sr=8-31
Apple,359.0,4.6,2123,https://m.media-amazon.com/images/I/61bJZx1v8GL._AC_UL320_.jpg,https://www.amazon.com/Apple-Watch-Smartwatch-Aluminium-Always/dp/B0DGHQ2QH6/ref=sr_1_5?dib=eyJ2IjoiMSJ9.MENal4-7yZMAdovrVWpZVg6wSUIJpaLXxasotdQQH1t0v2qeG_lKHlAZCuaFlKElIe59gdP5Lxy4bOaF_hkHKk1g2IM8Y_4HJUXc6G5S-_NIblUrlosixo-1bdBaTl1r8G1cajRkoIB498zLX-nYaxwJlx-iQdwmohSUOA6K3Td8wiqu5C5vjXnd7NC151ZIiC7P7xlIwD7wa9d4yAYgRxrP2xNJui1AzIARCadPRtmyFwF4zQpAeyNKBxSeMVn8EyjyNswEU4PpuVvu9He-qbM-9FgxAtK2cXXg3Q4JYXs.QsVEmd7DQRE9TyaDThUyROCSbeJyZVuHQMndY5lNCFM&dib_tag=se&keywords=watch&qid=1738645934&sr=8-5
SAMSUNG,239.0,4.4,1359,https://m.media-amazon.com/images/I/71ajpQVSv+L._AC_UL320_.jpg,https://www.amazon.com/SAMSUNG-Galaxy-Bluetooth-Smartwatch-Manufacturer/dp/B0D1YQKDML/ref=sr_1_54?dib=eyJ2IjoiMSJ9.IPNacHMVEsRcMHMbl08zRSmHs9ePf-BfqMqgpZevTZon1J9rhiGgToI90jJbAMj11hdqzyCsxHWys-AZKflKlmTcrlwn3A3tTWHwqgenPL8CqKreCMGQbrHKNzNfpEG3RJxQe609JXfk6ZeEKMW1DG3ccMBAfnV1E4Jd6rnuo4722cbkFeHwuQcUVevG6gQ-bO2SVr31B6WVxgY2e3YqQTBgXjZXKkWgGDPvcdmQt75-JsljeRn9d00LJKWurgAhkinyDxyBk2PUi_XSdEywdPijzy01phVvq5QiEZh7DpQ.emUm3WFUAByCgkndjWr_PByuTa4pNptEFlEeuQ6UevQ&dib_tag=se&keywords=watch&qid=1738645953&sr=8-54
Amazon Renewed,235.0,4.4,135,https://m.media-amazon.com/images/I/714rxoYlmsL._AC_UL320_.jpg,https://www.amazon.com/Apple-Watch-41MM-GPS-Aluminum/dp/B0C3BNGQQR/ref=sr_1_47?dib=eyJ2IjoiMSJ9.MENal4-7yZMAdovrVWpZVg6wSUIJpaLXxasotdQQH1t0v2qeG_lKHlAZCuaFlKElIe59gdP5Lxy4bOaF_hkHKk1g2IM8Y_4HJUXc6G5S-_NIblUrlosixo-1bdBaTl1r8G1cajRkoIB498zLX-nYaxwJlx-iQdwmohSUOA6K3Td8wiqu5C5vjXnd7NC151ZIiC7P7xlIwD7wa9d4yAYgRxrP2xNJui1AzIARCadPRtmyFwF4zQpAeyNKBxSeMVn8EyjyNswEU4PpuVvu9He-qbM-9FgxAtK2cXXg3Q4JYXs.QsVEmd7DQRE9TyaDThUyROCSbeJyZVuHQMndY5lNCFM&dib_tag=se&keywords=watch&qid=1738645934&sr=8-47
Garmin,199.99,4.5,3556,https://m.media-amazon.com/images/I/61XNnt+pdDS._AC_UL320_.jpg,https://www.amazon.com/Garmin-Forerunner-Running-Suggested-Workouts/dp/B092RH2NXJ/ref=sr_1_70?dib=eyJ2IjoiMSJ9.IPNacHMVEsRcMHMbl08zRSmHs9ePf-BfqMqgpZevTZon1J9rhiGgToI90jJbAMj11hdqzyCsxHWys-AZKflKlmTcrlwn3A3tTWHwqgenPL8CqKreCMGQbrHKNzNfpEG3RJxQe609JXfk6ZeEKMW1DG3ccMBAfnV1E4Jd6rnuo4722cbkFeHwuQcUVevG6gQ-bO2SVr31B6WVxgY2e3YqQTBgXjZXKkWgGDPvcdmQt75-JsljeRn9d00LJKWurgAhkinyDxyBk2PUi_XSdEywdPijzy01phVvq5QiEZh7DpQ.emUm3WFUAByCgkndjWr_PByuTa4pNptEFlEeuQ6UevQ&dib_tag=se&keywords=watch&qid=1738645953&sr=8-70
Garmin,186.0,4.5,1367,https://m.media-amazon.com/images/I/61d8niGcVrL._AC_UL320_.jpg,https://www.amazon.com/Garmin-Smartwatch-All-Day-Monitoring-Long-Lasting/dp/B0B5VVKC2J/ref=sr_1_95?dib=eyJ2IjoiMSJ9.IPNacHMVEsRcMHMbl08zRSmHs9ePf-BfqMqgpZevTZon1J9rhiGgToI90jJbAMj11hdqzyCsxHWys-AZKflKlmTcrlwn3A3tTWHwqgenPL8CqKreCMGQbrHKNzNfpEG3RJxQe609JXfk6ZeEKMW1DG3ccMBAfnV1E4Jd6rnuo4722cbkFeHwuQcUVevG6gQ-bO2SVr31B6WVxgY2e3YqQTBgXjZXKkWgGDPvcdmQt75-JsljeRn9d00LJKWurgAhkinyDxyBk2PUi_XSdEywdPijzy01phVvq5QiEZh7DpQ.emUm3WFUAByCgkndjWr_PByuTa4pNptEFlEeuQ6UevQ&dib_tag=se&keywords=watch&qid=1738645953&sr=8-95
SAMSUNG,184.0,4.5,7244,https://m.media-amazon.com/images/I/711f6KLsMaL._AC_UL320_.jpg,https://www.amazon.com/SAMSUNG-Bluetooth-Smartwatch-Personalized-Advanced/dp/B0C797946T/ref=sr_1_24?dib=eyJ2IjoiMSJ9.MENal4-7yZMAdovrVWpZVg6wSUIJpaLXxasotdQQH1t0v2qeG_lKHlAZCuaFlKElIe59gdP5Lxy4bOaF_hkHKk1g2IM8Y_4HJUXc6G5S-_NIblUrlosixo-1bdBaTl1r8G1cajRkoIB498zLX-nYaxwJlx-iQdwmohSUOA6K3Td8wiqu5C5vjXnd7NC151ZIiC7P7xlIwD7wa9d4yAYgRxrP2xNJui1AzIARCadPRtmyFwF4zQpAeyNKBxSeMVn8EyjyNswEU4PpuVvu9He-qbM-9FgxAtK2cXXg3Q4JYXs.QsVEmd7DQRE9TyaDThUyROCSbeJyZVuHQMndY5lNCFM&dib_tag=se&keywords=watch&qid=1738645934&sr=8-24
Amazon Renewed,176.0,4.2,7394,https://m.media-amazon.com/images/I/71mqz0ymh9L._AC_UL320_.jpg,https://www.amazon.com/Apple-Watch-Starlight-Aluminum-Regular/dp/B09PDZYL6F/ref=sr_1_46?dib=eyJ2IjoiMSJ9.MENal4-7yZMAdovrVWpZVg6wSUIJpaLXxasotdQQH1t0v2qeG_lKHlAZCuaFlKElIe59gdP5Lxy4bOaF_hkHKk1g2IM8Y_4HJUXc6G5S-_NIblUrlosixo-1bdBaTl1r8G1cajRkoIB498zLX-nYaxwJlx-iQdwmohSUOA6K3Td8wiqu5C5vjXnd7NC151ZIiC7P7xlIwD7wa9d4yAYgRxrP2xNJui1AzIARCadPRtmyFwF4zQpAeyNKBxSeMVn8EyjyNswEU4PpuVvu9He-qbM-9FgxAtK2cXXg3Q4JYXs.QsVEmd7DQRE9TyaDThUyROCSbeJyZVuHQMndY5lNCFM&dib_tag=se&keywords=watch&qid=1738645934&sr=8-46
Amazon Renewed,176.0,4.2,7394,https://m.media-amazon.com/images/I/71mqz0ymh9L._AC_UL320_.jpg,https://www.amazon.com/Apple-Watch-Starlight-Aluminum-Regular/dp/B09PDZYL6F/ref=sr_1_51?dib=eyJ2IjoiMSJ9.IPNacHMVEsRcMHMbl08zRSmHs9ePf-BfqMqgpZevTZon1J9rhiGgToI90jJbAMj11hdqzyCsxHWys-AZKflKlmTcrlwn3A3tTWHwqgenPL8CqKreCMGQbrHKNzNfpEG3RJxQe609JXfk6ZeEKMW1DG3ccMBAfnV1E4Jd6rnuo4722cbkFeHwuQcUVevG6gQ-bO2SVr31B6WVxgY2e3YqQTBgXjZXKkWgGDPvcdmQt75-JsljeRn9d00LJKWurgAhkinyDxyBk2PUi_XSdEywdPijzy01phVvq5QiEZh7DpQ.emUm3WFUAByCgkndjWr_PByuTa4pNptEFlEeuQ6UevQ&dib_tag=se&keywords=watch&qid=1738645953&sr=8-51
Apple,169.0,4.5,2919,https://m.media-amazon.com/images/I/61umEhyV-UL._AC_UL320_.jpg,https://www.amazon.com/Apple-Smartwatch-Starlight-Aluminium-Detection/dp/B0DGJ73CFS/ref=sr_1_2?dib=eyJ2IjoiMSJ9.MENal4-7yZMAdovrVWpZVg6wSUIJpaLXxasotdQQH1t0v2qeG_lKHlAZCuaFlKElIe59gdP5Lxy4bOaF_hkHKk1g2IM8Y_4HJUXc6G5S-_NIblUrlosixo-1bdBaTl1r8G1cajRkoIB498zLX-nYaxwJlx-iQdwmohSUOA6K3Td8wiqu5C5vjXnd7NC151ZIiC7P7xlIwD7wa9d4yAYgRxrP2xNJui1AzIARCadPRtmyFwF4zQpAeyNKBxSeMVn8EyjyNswEU4PpuVvu9He-qbM-9FgxAtK2cXXg3Q4JYXs.QsVEmd7DQRE9TyaDThUyROCSbeJyZVuHQMndY5lNCFM&dib_tag=se&keywords=watch&qid=1738645934&sr=8-2
Amazon Renewed,151.99,4.2,3474,https://m.media-amazon.com/images/I/71K+hTswAyL._AC_UL320_.jpg,https://www.amazon.com/Apple-Watch-GPS-44mm-Aluminum/dp/B08KZYMNJC/ref=sr_1_50?dib=eyJ2IjoiMSJ9.IPNacHMVEsRcMHMbl08zRSmHs9ePf-BfqMqgpZevTZon1J9rhiGgToI90jJbAMj11hdqzyCsxHWys-AZKflKlmTcrlwn3A3tTWHwqgenPL8CqKreCMGQbrHKNzNfpEG3RJxQe609JXfk6ZeEKMW1DG3ccMBAfnV1E4Jd6rnuo4722cbkFeHwuQcUVevG6gQ-bO2SVr31B6WVxgY2e3YqQTBgXjZXKkWgGDPvcdmQt75-JsljeRn9d00LJKWurgAhkinyDxyBk2PUi_XSdEywdPijzy01phVvq5QiEZh7DpQ.emUm3WFUAByCgkndjWr_PByuTa4pNptEFlEeuQ6UevQ&dib_tag=se&keywords=watch&qid=1738645953&sr=8-50
Amazfit,149.99,4.4,305,https://m.media-amazon.com/images/I/71VaJ-e3qNL._AC_UL320_.jpg,https://www.amazon.com/Amazfit-Balance-Fitness-Composition-Bluetooth/dp/B0CFY6C4VQ/ref=sr_1_88?dib=eyJ2IjoiMSJ9.IPNacHMVEsRcMHMbl08zRSmHs9ePf-BfqMqgpZevTZon1J9rhiGgToI90jJbAMj11hdqzyCsxHWys-AZKflKlmTcrlwn3A3tTWHwqgenPL8CqKreCMGQbrHKNzNfpEG3RJxQe609JXfk6ZeEKMW1DG3ccMBAfnV1E4Jd6rnuo4722cbkFeHwuQcUVevG6gQ-bO2SVr31B6WVxgY2e3YqQTBgXjZXKkWgGDPvcdmQt75-JsljeRn9d00LJKWurgAhkinyDxyBk2PUi_XSdEywdPijzy01phVvq5QiEZh7DpQ.emUm3WFUAByCgkndjWr_PByuTa4pNptEFlEeuQ6UevQ&dib_tag=se&keywords=watch&qid=1738645953&sr=8-88
Amazon Renewed,148.0,4.2,1699,https://m.media-amazon.com/images/I/71aLryIN+ZL._AC_UL320_.jpg,https://www.amazon.com/New-Apple-Watch-GPS-40mm/dp/B08KGVJQC8/ref=sr_1_62?dib=eyJ2IjoiMSJ9.IPNacHMVEsRcMHMbl08zRSmHs9ePf-BfqMqgpZevTZon1J9rhiGgToI90jJbAMj11hdqzyCsxHWys-AZKflKlmTcrlwn3A3tTWHwqgenPL8CqKreCMGQbrHKNzNfpEG3RJxQe609JXfk6ZeEKMW1DG3ccMBAfnV1E4Jd6rnuo4722cbkFeHwuQcUVevG6gQ-bO2SVr31B6WVxgY2e3YqQTBgXjZXKkWgGDPvcdmQt75-JsljeRn9d00LJKWurgAhkinyDxyBk2PUi_XSdEywdPijzy01phVvq5QiEZh7DpQ.emUm3WFUAByCgkndjWr_PByuTa4pNptEFlEeuQ6UevQ&dib_tag=se&keywords=watch&qid=1738645953&sr=8-62
Citizen,137.95,4.6,1165,https://m.media-amazon.com/images/I/71+OK9sMvSL._AC_UL320_.jpg,https://www.amazon.com/Citizen-Quartz-Dress-Stainless-Silver-Tone/dp/B09JGGL2MT/ref=sr_1_69?dib=eyJ2IjoiMSJ9.IPNacHMVEsRcMHMbl08zRSmHs9ePf-BfqMqgpZevTZon1J9rhiGgToI90jJbAMj11hdqzyCsxHWys-AZKflKlmTcrlwn3A3tTWHwqgenPL8CqKreCMGQbrHKNzNfpEG3RJxQe609JXfk6ZeEKMW1DG3ccMBAfnV1E4Jd6rnuo4722cbkFeHwuQcUVevG6gQ-bO2SVr31B6WVxgY2e3YqQTBgXjZXKkWgGDPvcdmQt75-JsljeRn9d00LJKWurgAhkinyDxyBk2PUi_XSdEywdPijzy01phVvq5QiEZh7DpQ.emUm3WFUAByCgkndjWr_PByuTa4pNptEFlEeuQ6UevQ&dib_tag=se&keywords=watch&qid=1738645953&sr=8-69
Soudorv,129.99,4.8,639,https://m.media-amazon.com/images/I/71NclrgfIOL._AC_UL320_.jpg,https://www.amazon.com/Smartwatch-Fitness-Activity-Pedometer-Waterproof/dp/B0DK4NB7HJ/ref=sr_1_13?dib=eyJ2IjoiMSJ9.MENal4-7yZMAdovrVWpZVg6wSUIJpaLXxasotdQQH1t0v2qeG_lKHlAZCuaFlKElIe59gdP5Lxy4bOaF_hkHKk1g2IM8Y_4HJUXc6G5S-_NIblUrlosixo-1bdBaTl1r8G1cajRkoIB498zLX-nYaxwJlx-iQdwmohSUOA6K3Td8wiqu5C5vjXnd7NC151ZIiC7P7xlIwD7wa9d4yAYgRxrP2xNJui1AzIARCadPRtmyFwF4zQpAeyNKBxSeMVn8EyjyNswEU4PpuVvu9He-qbM-9FgxAtK2cXXg3Q4JYXs.QsVEmd7DQRE9TyaDThUyROCSbeJyZVuHQMndY5lNCFM&dib_tag=se&keywords=watch&qid=1738645934&sr=8-13
Amazon Renewed,129.99,4.1,27770,https://m.media-amazon.com/images/I/715gjkfjFTL._AC_UL320_.jpg,https://www.amazon.com/Apple-Watch-GPS-Cellular-44MM/dp/B082VKRK29/ref=sr_1_32?dib=eyJ2IjoiMSJ9.MENal4-7yZMAdovrVWpZVg6wSUIJpaLXxasotdQQH1t0v2qeG_lKHlAZCuaFlKElIe59gdP5Lxy4bOaF_hkHKk1g2IM8Y_4HJUXc6G5S-_NIblUrlosixo-1bdBaTl1r8G1cajRkoIB498zLX-nYaxwJlx-iQdwmohSUOA6K3Td8wiqu5C5vjXnd7NC151ZIiC7P7xlIwD7wa9d4yAYgRxrP2xNJui1AzIARCadPRtmyFwF4zQpAeyNKBxSeMVn8EyjyNswEU4PpuVvu9He-qbM-9FgxAtK2cXXg3Q4JYXs.QsVEmd7DQRE9TyaDThUyROCSbeJyZVuHQMndY5lNCFM&dib_tag=se&keywords=watch&qid=1738645934&sr=8-32
Fitbit,129.95,4.2,3836,https://m.media-amazon.com/images/I/61wn2jfhBkL._AC_UL320_.jpg,https://www.amazon.com/Fitbit-Exercise-Equipment-Membership-Porcelain/dp/B0CC63GZ3R/ref=sr_1_57?dib=eyJ2IjoiMSJ9.IPNacHMVEsRcMHMbl08zRSmHs9ePf-BfqMqgpZevTZon1J9rhiGgToI90jJbAMj11hdqzyCsxHWys-AZKflKlmTcrlwn3A3tTWHwqgenPL8CqKreCMGQbrHKNzNfpEG3RJxQe609JXfk6ZeEKMW1DG3ccMBAfnV1E4Jd6rnuo4722cbkFeHwuQcUVevG6gQ-bO2SVr31B6WVxgY2e3YqQTBgXjZXKkWgGDPvcdmQt75-JsljeRn9d00LJKWurgAhkinyDxyBk2PUi_XSdEywdPijzy01phVvq5QiEZh7DpQ.emUm3WFUAByCgkndjWr_PByuTa4pNptEFlEeuQ6UevQ&dib_tag=se&keywords=watch&qid=1738645953&sr=8-57
Timex,128.32,4.2,3752,https://m.media-amazon.com/images/I/719lPPEDRKL._AC_UL320_.jpg,https://www.amazon.com/Timex-T2N720-Intelligent-Compass-Silicone/dp/B005DKHDPC/ref=sr_1_72?dib=eyJ2IjoiMSJ9.IPNacHMVEsRcMHMbl08zRSmHs9ePf-BfqMqgpZevTZon1J9rhiGgToI90jJbAMj11hdqzyCsxHWys-AZKflKlmTcrlwn3A3tTWHwqgenPL8CqKreCMGQbrHKNzNfpEG3RJxQe609JXfk6ZeEKMW1DG3ccMBAfnV1E4Jd6rnuo4722cbkFeHwuQcUVevG6gQ-bO2SVr31B6WVxgY2e3YqQTBgXjZXKkWgGDPvcdmQt75-JsljeRn9d00LJKWurgAhkinyDxyBk2PUi_XSdEywdPijzy01phVvq5QiEZh7DpQ.emUm3WFUAByCgkndjWr_PByuTa4pNptEFlEeuQ6UevQ&dib_tag=se&keywords=watch&qid=1738645953&sr=8-72
Fossil,116.24,4.5,564,https://m.media-amazon.com/images/I/71Ty505JVQL._AC_UL320_.jpg,https://www.amazon.com/Fossil-Womens-Raquel-Stainless-Three-Hand/dp/B0B4H6K6J7/ref=sr_1_41?dib=eyJ2IjoiMSJ9.MENal4-7yZMAdovrVWpZVg6wSUIJpaLXxasotdQQH1t0v2qeG_lKHlAZCuaFlKElIe59gdP5Lxy4bOaF_hkHKk1g2IM8Y_4HJUXc6G5S-_NIblUrlosixo-1bdBaTl1r8G1cajRkoIB498zLX-nYaxwJlx-iQdwmohSUOA6K3Td8wiqu5C5vjXnd7NC151ZIiC7P7xlIwD7wa9d4yAYgRxrP2xNJui1AzIARCadPRtmyFwF4zQpAeyNKBxSeMVn8EyjyNswEU4PpuVvu9He-qbM-9FgxAtK2cXXg3Q4JYXs.QsVEmd7DQRE9TyaDThUyROCSbeJyZVuHQMndY5lNCFM&dib_tag=se&keywords=watch&qid=1738645934&sr=8-41
Fossil,115.2,4.5,21838,https://m.media-amazon.com/images/I/71kbRVr8YfL._AC_UL320_.jpg,https://www.amazon.com/Fossil-Quartz-Stainless-Steel-Chronograph/dp/B008AXYWHQ/ref=sr_1_33?dib=eyJ2IjoiMSJ9.MENal4-7yZMAdovrVWpZVg6wSUIJpaLXxasotdQQH1t0v2qeG_lKHlAZCuaFlKElIe59gdP5Lxy4bOaF_hkHKk1g2IM8Y_4HJUXc6G5S-_NIblUrlosixo-1bdBaTl1r8G1cajRkoIB498zLX-nYaxwJlx-iQdwmohSUOA6K3Td8wiqu5C5vjXnd7NC151ZIiC7P7xlIwD7wa9d4yAYgRxrP2xNJui1AzIARCadPRtmyFwF4zQpAeyNKBxSeMVn8EyjyNswEU4PpuVvu9He-qbM-9FgxAtK2cXXg3Q4JYXs.QsVEmd7DQRE9TyaDThUyROCSbeJyZVuHQMndY5lNCFM&dib_tag=se&keywords=watch&qid=1738645934&sr=8-33
Michael Kors,111.0,4.7,6290,https://m.media-amazon.com/images/I/710yuVTQdKL._AC_UL320_.jpg,https://www.amazon.com/Michael-Kors-Lexington-Gold-Tone-MK8286/dp/B00CQGRZAE/ref=sr_1_79?dib=eyJ2IjoiMSJ9.IPNacHMVEsRcMHMbl08zRSmHs9ePf-BfqMqgpZevTZon1J9rhiGgToI90jJbAMj11hdqzyCsxHWys-AZKflKlmTcrlwn3A3tTWHwqgenPL8CqKreCMGQbrHKNzNfpEG3RJxQe609JXfk6ZeEKMW1DG3ccMBAfnV1E4Jd6rnuo4722cbkFeHwuQcUVevG6gQ-bO2SVr31B6WVxgY2e3YqQTBgXjZXKkWgGDPvcdmQt75-JsljeRn9d00LJKWurgAhkinyDxyBk2PUi_XSdEywdPijzy01phVvq5QiEZh7DpQ.emUm3WFUAByCgkndjWr_PByuTa4pNptEFlEeuQ6UevQ&dib_tag=se&keywords=watch&qid=1738645953&sr=8-79
Jacoosa,109.99,4.1,655,https://m.media-amazon.com/images/I/710k6aVllUL._AC_UL320_.jpg,https://www.amazon.com/Jacoosa-Smartwatch-Waterproof-Activity-Trackers/dp/B0DKXD16PV/ref=sr_1_36?dib=eyJ2IjoiMSJ9.MENal4-7yZMAdovrVWpZVg6wSUIJpaLXxasotdQQH1t0v2qeG_lKHlAZCuaFlKElIe59gdP5Lxy4bOaF_hkHKk1g2IM8Y_4HJUXc6G5S-_NIblUrlosixo-1bdBaTl1r8G1cajRkoIB498zLX-nYaxwJlx-iQdwmohSUOA6K3Td8wiqu5C5vjXnd7NC151ZIiC7P7xlIwD7wa9d4yAYgRxrP2xNJui1AzIARCadPRtmyFwF4zQpAeyNKBxSeMVn8EyjyNswEU4PpuVvu9He-qbM-9FgxAtK2cXXg3Q4JYXs.QsVEmd7DQRE9TyaDThUyROCSbeJyZVuHQMndY5lNCFM&dib_tag=se&keywords=watch&qid=1738645934&sr=8-36
Motast,99.99,4.0,413,https://m.media-amazon.com/images/I/71Z1LMj3QmL._AC_UL320_.jpg,https://www.amazon.com/Smartwatch-Fitness-Pedometer-Waterproof-Activity/dp/B0DPQGBBCL/ref=sr_1_38?dib=eyJ2IjoiMSJ9.MENal4-7yZMAdovrVWpZVg6wSUIJpaLXxasotdQQH1t0v2qeG_lKHlAZCuaFlKElIe59gdP5Lxy4bOaF_hkHKk1g2IM8Y_4HJUXc6G5S-_NIblUrlosixo-1bdBaTl1r8G1cajRkoIB498zLX-nYaxwJlx-iQdwmohSUOA6K3Td8wiqu5C5vjXnd7NC151ZIiC7P7xlIwD7wa9d4yAYgRxrP2xNJui1AzIARCadPRtmyFwF4zQpAeyNKBxSeMVn8EyjyNswEU4PpuVvu9He-qbM-9FgxAtK2cXXg3Q4JYXs.QsVEmd7DQRE9TyaDThUyROCSbeJyZVuHQMndY5lNCFM&dib_tag=se&keywords=watch&qid=1738645934&sr=8-38
Fossil,98.99,4.4,914,https://m.media-amazon.com/images/I/51GpE9oyPrL._AC_UL320_.jpg,https://www.amazon.com/Fossil-Bronson-Stainless-Leather-Three-Hand/dp/B0B4H5MMBM/ref=sr_1_68?dib=eyJ2IjoiMSJ9.IPNacHMVEsRcMHMbl08zRSmHs9ePf-BfqMqgpZevTZon1J9rhiGgToI90jJbAMj11hdqzyCsxHWys-AZKflKlmTcrlwn3A3tTWHwqgenPL8CqKreCMGQbrHKNzNfpEG3RJxQe609JXfk6ZeEKMW1DG3ccMBAfnV1E4Jd6rnuo4722cbkFeHwuQcUVevG6gQ-bO2SVr31B6WVxgY2e3YqQTBgXjZXKkWgGDPvcdmQt75-JsljeRn9d00LJKWurgAhkinyDxyBk2PUi_XSdEywdPijzy01phVvq5QiEZh7DpQ.emUm3WFUAByCgkndjWr_PByuTa4pNptEFlEeuQ6UevQ&dib_tag=se&keywords=watch&qid=1738645953&sr=8-68
Amazon Renewed,94.99,4.5,1013,https://m.media-amazon.com/images/I/61Sl+xoVHoL._AC_UL320_.jpg,https://www.amazon.com/SAMSUNG-Pro-Bluetooth-Smartwatch-Fitness/dp/B0CBG6RH8J/ref=sr_1_59?dib=eyJ2IjoiMSJ9.IPNacHMVEsRcMHMbl08zRSmHs9ePf-BfqMqgpZevTZon1J9rhiGgToI90jJbAMj11hdqzyCsxHWys-AZKflKlmTcrlwn3A3tTWHwqgenPL8CqKreCMGQbrHKNzNfpEG3RJxQe609JXfk6ZeEKMW1DG3ccMBAfnV1E4Jd6rnuo4722cbkFeHwuQcUVevG6gQ-bO2SVr31B6WVxgY2e3YqQTBgXjZXKkWgGDPvcdmQt75-JsljeRn9d00LJKWurgAhkinyDxyBk2PUi_XSdEywdPijzy01phVvq5QiEZh7DpQ.emUm3WFUAByCgkndjWr_PByuTa4pNptEFlEeuQ6UevQ&dib_tag=se&keywords=watch&qid=1738645953&sr=8-59
Amazon Renewed,94.99,4.4,847,https://m.media-amazon.com/images/I/61TPFvgM7pL._AC_UL320_.jpg,https://www.amazon.com/SAMSUNG-Smartwatch-Bluetooth-Bioactive-R925U/dp/B0BQZHHQZD/ref=sr_1_86?dib=eyJ2IjoiMSJ9.IPNacHMVEsRcMHMbl08zRSmHs9ePf-BfqMqgpZevTZon1J9rhiGgToI90jJbAMj11hdqzyCsxHWys-AZKflKlmTcrlwn3A3tTWHwqgenPL8CqKreCMGQbrHKNzNfpEG3RJxQe609JXfk6ZeEKMW1DG3ccMBAfnV1E4Jd6rnuo4722cbkFeHwuQcUVevG6gQ-bO2SVr31B6WVxgY2e3YqQTBgXjZXKkWgGDPvcdmQt75-JsljeRn9d00LJKWurgAhkinyDxyBk2PUi_XSdEywdPijzy01phVvq5QiEZh7DpQ.emUm3WFUAByCgkndjWr_PByuTa4pNptEFlEeuQ6UevQ&dib_tag=se&keywords=watch&qid=1738645953&sr=8-86
Citizen,93.95,4.6,1759,https://m.media-amazon.com/images/I/81YJMXUexJL._AC_UL320_.jpg,https://www.amazon.com/Citizen-Mens-Quartz-Watch-BF0580-57L/dp/B008FG6ZRI/ref=sr_1_22?dib=eyJ2IjoiMSJ9.MENal4-7yZMAdovrVWpZVg6wSUIJpaLXxasotdQQH1t0v2qeG_lKHlAZCuaFlKElIe59gdP5Lxy4bOaF_hkHKk1g2IM8Y_4HJUXc6G5S-_NIblUrlosixo-1bdBaTl1r8G1cajRkoIB498zLX-nYaxwJlx-iQdwmohSUOA6K3Td8wiqu5C5vjXnd7NC151ZIiC7P7xlIwD7wa9d4yAYgRxrP2xNJui1AzIARCadPRtmyFwF4zQpAeyNKBxSeMVn8EyjyNswEU4PpuVvu9He-qbM-9FgxAtK2cXXg3Q4JYXs.QsVEmd7DQRE9TyaDThUyROCSbeJyZVuHQMndY5lNCFM&dib_tag=se&keywords=watch&qid=1738645934&sr=8-22
Invicta,82.95,4.6,22025,https://m.media-amazon.com/images/I/71JLaXDY0NL._AC_UL320_.jpg,https://www.amazon.com/Invicta-0075-Diver-Chronograph-Gold-Plated/dp/B00075U5IA/ref=sr_1_58?dib=eyJ2IjoiMSJ9.IPNacHMVEsRcMHMbl08zRSmHs9ePf-BfqMqgpZevTZon1J9rhiGgToI90jJbAMj11hdqzyCsxHWys-AZKflKlmTcrlwn3A3tTWHwqgenPL8CqKreCMGQbrHKNzNfpEG3RJxQe609JXfk6ZeEKMW1DG3ccMBAfnV1E4Jd6rnuo4722cbkFeHwuQcUVevG6gQ-bO2SVr31B6WVxgY2e3YqQTBgXjZXKkWgGDPvcdmQt75-JsljeRn9d00LJKWurgAhkinyDxyBk2PUi_XSdEywdPijzy01phVvq5QiEZh7DpQ.emUm3WFUAByCgkndjWr_PByuTa4pNptEFlEeuQ6UevQ&dib_tag=se&keywords=watch&qid=1738645953&sr=8-58
Fitbit,79.95,4.3,16546,https://m.media-amazon.com/images/I/51CtR+quteL._AC_UL320_.jpg,https://www.amazon.com/Fitbit-Management-Intensity-Tracking-Midnight/dp/B0B5F9SZW7/ref=sr_1_14?dib=eyJ2IjoiMSJ9.MENal4-7yZMAdovrVWpZVg6wSUIJpaLXxasotdQQH1t0v2qeG_lKHlAZCuaFlKElIe59gdP5Lxy4bOaF_hkHKk1g2IM8Y_4HJUXc6G5S-_NIblUrlosixo-1bdBaTl1r8G1cajRkoIB498zLX-nYaxwJlx-iQdwmohSUOA6K3Td8wiqu5C5vjXnd7NC151ZIiC7P7xlIwD7wa9d4yAYgRxrP2xNJui1AzIARCadPRtmyFwF4zQpAeyNKBxSeMVn8EyjyNswEU4PpuVvu9He-qbM-9FgxAtK2cXXg3Q4JYXs.QsVEmd7DQRE9TyaDThUyROCSbeJyZVuHQMndY5lNCFM&dib_tag=se&keywords=watch&qid=1738645934&sr=8-14
Timex,74.25,4.2,7747,https://m.media-amazon.com/images/I/81ui2Tcv8jL._AC_UL320_.jpg,https://www.amazon.com/Timex-Expedition-Chrono-Analog-Silicone/dp/B083X4SM2Z/ref=sr_1_85?dib=eyJ2IjoiMSJ9.IPNacHMVEsRcMHMbl08zRSmHs9ePf-BfqMqgpZevTZon1J9rhiGgToI90jJbAMj11hdqzyCsxHWys-AZKflKlmTcrlwn3A3tTWHwqgenPL8CqKreCMGQbrHKNzNfpEG3RJxQe609JXfk6ZeEKMW1DG3ccMBAfnV1E4Jd6rnuo4722cbkFeHwuQcUVevG6gQ-bO2SVr31B6WVxgY2e3YqQTBgXjZXKkWgGDPvcdmQt75-JsljeRn9d00LJKWurgAhkinyDxyBk2PUi_XSdEywdPijzy01phVvq5QiEZh7DpQ.emUm3WFUAByCgkndjWr_PByuTa4pNptEFlEeuQ6UevQ&dib_tag=se&keywords=watch&qid=1738645953&sr=8-85
Amazon Renewed,67.0,4.3,5144,https://m.media-amazon.com/images/I/610VZ9QroVL._AC_UL320_.jpg,https://www.amazon.com/Samsung-Electronics-Smartwatch-Detection-Bluetooth/dp/B09JKYS2MZ/ref=sr_1_93?dib=eyJ2IjoiMSJ9.IPNacHMVEsRcMHMbl08zRSmHs9ePf-BfqMqgpZevTZon1J9rhiGgToI90jJbAMj11hdqzyCsxHWys-AZKflKlmTcrlwn3A3tTWHwqgenPL8CqKreCMGQbrHKNzNfpEG3RJxQe609JXfk6ZeEKMW1DG3ccMBAfnV1E4Jd6rnuo4722cbkFeHwuQcUVevG6gQ-bO2SVr31B6WVxgY2e3YqQTBgXjZXKkWgGDPvcdmQt75-JsljeRn9d00LJKWurgAhkinyDxyBk2PUi_XSdEywdPijzy01phVvq5QiEZh7DpQ.emUm3WFUAByCgkndjWr_PByuTa4pNptEFlEeuQ6UevQ&dib_tag=se&keywords=watch&qid=1738645953&sr=8-93
Fossil,65.0,4.7,639,https://m.media-amazon.com/images/I/61Z2e3GnzTL._AC_UL320_.jpg,https://www.amazon.com/Fossil-Womens-Stainless-Leather-Three-Hand/dp/B07XYSLTHT/ref=sr_1_81?dib=eyJ2IjoiMSJ9.IPNacHMVEsRcMHMbl08zRSmHs9ePf-BfqMqgpZevTZon1J9rhiGgToI90jJbAMj11hdqzyCsxHWys-AZKflKlmTcrlwn3A3tTWHwqgenPL8CqKreCMGQbrHKNzNfpEG3RJxQe609JXfk6ZeEKMW1DG3ccMBAfnV1E4Jd6rnuo4722cbkFeHwuQcUVevG6gQ-bO2SVr31B6WVxgY2e3YqQTBgXjZXKkWgGDPvcdmQt75-JsljeRn9d00LJKWurgAhkinyDxyBk2PUi_XSdEywdPijzy01phVvq5QiEZh7DpQ.emUm3WFUAByCgkndjWr_PByuTa4pNptEFlEeuQ6UevQ&dib_tag=se&keywords=watch&qid=1738645953&sr=8-81
Invicta,64.9,4.6,7149,https://m.media-amazon.com/images/I/71pzEZmTZjL._AC_UL320_.jpg,https://www.amazon.com/Invicta-Diver-Quartz-Watch-Stainless/dp/B07RG7V3L9/ref=sr_1_92?dib=eyJ2IjoiMSJ9.IPNacHMVEsRcMHMbl08zRSmHs9ePf-BfqMqgpZevTZon1J9rhiGgToI90jJbAMj11hdqzyCsxHWys-AZKflKlmTcrlwn3A3tTWHwqgenPL8CqKreCMGQbrHKNzNfpEG3RJxQe609JXfk6ZeEKMW1DG3ccMBAfnV1E4Jd6rnuo4722cbkFeHwuQcUVevG6gQ-bO2SVr31B6WVxgY2e3YqQTBgXjZXKkWgGDPvcdmQt75-JsljeRn9d00LJKWurgAhkinyDxyBk2PUi_XSdEywdPijzy01phVvq5QiEZh7DpQ.emUm3WFUAByCgkndjWr_PByuTa4pNptEFlEeuQ6UevQ&dib_tag=se&keywords=watch&qid=1738645953&sr=8-92
ISKOVI,49.99,4.7,327,https://m.media-amazon.com/images/I/61YoKvkD3JL._AC_UL320_.jpg,https://www.amazon.com/ISKOVI-Smartwatch-Counter-Waterproof-Android/dp/B0DHV8SZ4Q/ref=sr_1_7?dib=eyJ2IjoiMSJ9.MENal4-7yZMAdovrVWpZVg6wSUIJpaLXxasotdQQH1t0v2qeG_lKHlAZCuaFlKElIe59gdP5Lxy4bOaF_hkHKk1g2IM8Y_4HJUXc6G5S-_NIblUrlosixo-1bdBaTl1r8G1cajRkoIB498zLX-nYaxwJlx-iQdwmohSUOA6K3Td8wiqu5C5vjXnd7NC151ZIiC7P7xlIwD7wa9d4yAYgRxrP2xNJui1AzIARCadPRtmyFwF4zQpAeyNKBxSeMVn8EyjyNswEU4PpuVvu9He-qbM-9FgxAtK2cXXg3Q4JYXs.QsVEmd7DQRE9TyaDThUyROCSbeJyZVuHQMndY5lNCFM&dib_tag=se&keywords=watch&qid=1738645934&sr=8-7
Timex,46.51,4.5,15461,https://m.media-amazon.com/images/I/71yfCp0isnL._AC_UL320_.jpg,https://www.amazon.com/Timex-Womens-Easy-Reader-Watch/dp/B000AYW0LI/ref=sr_1_91?dib=eyJ2IjoiMSJ9.IPNacHMVEsRcMHMbl08zRSmHs9ePf-BfqMqgpZevTZon1J9rhiGgToI90jJbAMj11hdqzyCsxHWys-AZKflKlmTcrlwn3A3tTWHwqgenPL8CqKreCMGQbrHKNzNfpEG3RJxQe609JXfk6ZeEKMW1DG3ccMBAfnV1E4Jd6rnuo4722cbkFeHwuQcUVevG6gQ-bO2SVr31B6WVxgY2e3YqQTBgXjZXKkWgGDPvcdmQt75-JsljeRn9d00LJKWurgAhkinyDxyBk2PUi_XSdEywdPijzy01phVvq5QiEZh7DpQ.emUm3WFUAByCgkndjWr_PByuTa4pNptEFlEeuQ6UevQ&dib_tag=se&keywords=watch&qid=1738645953&sr=8-91
Timex,44.1,4.5,5168,https://m.media-amazon.com/images/I/81t2oa2p1wL._AC_UL320_.jpg,https://www.amazon.com/Timex-Womens-TW4B12000-Expedition-Leather/dp/B079J3BHW6/ref=sr_1_89?dib=eyJ2IjoiMSJ9.IPNacHMVEsRcMHMbl08zRSmHs9ePf-BfqMqgpZevTZon1J9rhiGgToI90jJbAMj11hdqzyCsxHWys-AZKflKlmTcrlwn3A3tTWHwqgenPL8CqKreCMGQbrHKNzNfpEG3RJxQe609JXfk6ZeEKMW1DG3ccMBAfnV1E4Jd6rnuo4722cbkFeHwuQcUVevG6gQ-bO2SVr31B6WVxgY2e3YqQTBgXjZXKkWgGDPvcdmQt75-JsljeRn9d00LJKWurgAhkinyDxyBk2PUi_XSdEywdPijzy01phVvq5QiEZh7DpQ.emUm3WFUAByCgkndjWr_PByuTa4pNptEFlEeuQ6UevQ&dib_tag=se&keywords=watch&qid=1738645953&sr=8-89
Timex,43.92,4.4,4192,https://m.media-amazon.com/images/I/81VTDAH0ESL._AC_UL320_.jpg,https://www.amazon.com/Timex-T49870-Expedition-Metal-Leather/dp/B004VRD6FY/ref=sr_1_94?dib=eyJ2IjoiMSJ9.IPNacHMVEsRcMHMbl08zRSmHs9ePf-BfqMqgpZevTZon1J9rhiGgToI90jJbAMj11hdqzyCsxHWys-AZKflKlmTcrlwn3A3tTWHwqgenPL8CqKreCMGQbrHKNzNfpEG3RJxQe609JXfk6ZeEKMW1DG3ccMBAfnV1E4Jd6rnuo4722cbkFeHwuQcUVevG6gQ-bO2SVr31B6WVxgY2e3YqQTBgXjZXKkWgGDPvcdmQt75-JsljeRn9d00LJKWurgAhkinyDxyBk2PUi_XSdEywdPijzy01phVvq5QiEZh7DpQ.emUm3WFUAByCgkndjWr_PByuTa4pNptEFlEeuQ6UevQ&dib_tag=se&keywords=watch&qid=1738645953&sr=8-94
GOLDEN HOUR,40.99,4.5,12854,https://m.media-amazon.com/images/I/61hwd7aAmnL._AC_UL320_.jpg,https://www.amazon.com/GOLDEN-HOUR-Stainless-Waterproof-Chronograph/dp/B087JG6H25/ref=sr_1_30?dib=eyJ2IjoiMSJ9.MENal4-7yZMAdovrVWpZVg6wSUIJpaLXxasotdQQH1t0v2qeG_lKHlAZCuaFlKElIe59gdP5Lxy4bOaF_hkHKk1g2IM8Y_4HJUXc6G5S-_NIblUrlosixo-1bdBaTl1r8G1cajRkoIB498zLX-nYaxwJlx-iQdwmohSUOA6K3Td8wiqu5C5vjXnd7NC151ZIiC7P7xlIwD7wa9d4yAYgRxrP2xNJui1AzIARCadPRtmyFwF4zQpAeyNKBxSeMVn8EyjyNswEU4PpuVvu9He-qbM-9FgxAtK2cXXg3Q4JYXs.QsVEmd7DQRE9TyaDThUyROCSbeJyZVuHQMndY5lNCFM&dib_tag=se&keywords=watch&qid=1738645934&sr=8-30
Timex,40.68,4.5,17181,https://m.media-amazon.com/images/I/71mewE+svdL._AC_UL320_.jpg,https://www.amazon.com/Timex-T5E901-Ironman-Classic-Black/dp/B000AYTYLW/ref=sr_1_34?dib=eyJ2IjoiMSJ9.MENal4-7yZMAdovrVWpZVg6wSUIJpaLXxasotdQQH1t0v2qeG_lKHlAZCuaFlKElIe59gdP5Lxy4bOaF_hkHKk1g2IM8Y_4HJUXc6G5S-_NIblUrlosixo-1bdBaTl1r8G1cajRkoIB498zLX-nYaxwJlx-iQdwmohSUOA6K3Td8wiqu5C5vjXnd7NC151ZIiC7P7xlIwD7wa9d4yAYgRxrP2xNJui1AzIARCadPRtmyFwF4zQpAeyNKBxSeMVn8EyjyNswEU4PpuVvu9He-qbM-9FgxAtK2cXXg3Q4JYXs.QsVEmd7DQRE9TyaDThUyROCSbeJyZVuHQMndY5lNCFM&dib_tag=se&keywords=watch&qid=1738645934&sr=8-34
Timex,40.5,4.5,19946,https://m.media-amazon.com/images/I/618FlBKZdPL._AC_UL320_.jpg,https://www.amazon.com/Timex-Easy-Reader-Day-Date-Watch/dp/B000B5459Q/ref=sr_1_45?dib=eyJ2IjoiMSJ9.MENal4-7yZMAdovrVWpZVg6wSUIJpaLXxasotdQQH1t0v2qeG_lKHlAZCuaFlKElIe59gdP5Lxy4bOaF_hkHKk1g2IM8Y_4HJUXc6G5S-_NIblUrlosixo-1bdBaTl1r8G1cajRkoIB498zLX-nYaxwJlx-iQdwmohSUOA6K3Td8wiqu5C5vjXnd7NC151ZIiC7P7xlIwD7wa9d4yAYgRxrP2xNJui1AzIARCadPRtmyFwF4zQpAeyNKBxSeMVn8EyjyNswEU4PpuVvu9He-qbM-9FgxAtK2cXXg3Q4JYXs.QsVEmd7DQRE9TyaDThUyROCSbeJyZVuHQMndY5lNCFM&dib_tag=se&keywords=watch&qid=1738645934&sr=8-45
Timex,40.5,4.5,19946,https://m.media-amazon.com/images/I/618FlBKZdPL._AC_UL320_.jpg,https://www.amazon.com/Timex-Easy-Reader-Day-Date-Watch/dp/B000B5459Q/ref=sr_1_55?dib=eyJ2IjoiMSJ9.IPNacHMVEsRcMHMbl08zRSmHs9ePf-BfqMqgpZevTZon1J9rhiGgToI90jJbAMj11hdqzyCsxHWys-AZKflKlmTcrlwn3A3tTWHwqgenPL8CqKreCMGQbrHKNzNfpEG3RJxQe609JXfk6ZeEKMW1DG3ccMBAfnV1E4Jd6rnuo4722cbkFeHwuQcUVevG6gQ-bO2SVr31B6WVxgY2e3YqQTBgXjZXKkWgGDPvcdmQt75-JsljeRn9d00LJKWurgAhkinyDxyBk2PUi_XSdEywdPijzy01phVvq5QiEZh7DpQ.emUm3WFUAByCgkndjWr_PByuTa4pNptEFlEeuQ6UevQ&dib_tag=se&keywords=watch&qid=1738645953&sr=8-55
Timex,40.31,4.4,26912,https://m.media-amazon.com/images/I/71spWNT8LEL._AC_UL320_.jpg,https://www.amazon.com/Timex-TW4B04700-Expedition-Scout-Slip-Thru/dp/B0194LW5BM/ref=sr_1_11?dib=eyJ2IjoiMSJ9.MENal4-7yZMAdovrVWpZVg6wSUIJpaLXxasotdQQH1t0v2qeG_lKHlAZCuaFlKElIe59gdP5Lxy4bOaF_hkHKk1g2IM8Y_4HJUXc6G5S-_NIblUrlosixo-1bdBaTl1r8G1cajRkoIB498zLX-nYaxwJlx-iQdwmohSUOA6K3Td8wiqu5C5vjXnd7NC151ZIiC7P7xlIwD7wa9d4yAYgRxrP2xNJui1AzIARCadPRtmyFwF4zQpAeyNKBxSeMVn8EyjyNswEU4PpuVvu9He-qbM-9FgxAtK2cXXg3Q4JYXs.QsVEmd7DQRE9TyaDThUyROCSbeJyZVuHQMndY5lNCFM&dib_tag=se&keywords=watch&qid=1738645934&sr=8-11
Timex,40.0,4.4,22395,https://m.media-amazon.com/images/I/61jOeEXk5RL._AC_UL320_.jpg,https://www.amazon.com/Timex-Womens-Reader-Leather-T20441/dp/B000N6493U/ref=sr_1_82?dib=eyJ2IjoiMSJ9.IPNacHMVEsRcMHMbl08zRSmHs9ePf-BfqMqgpZevTZon1J9rhiGgToI90jJbAMj11hdqzyCsxHWys-AZKflKlmTcrlwn3A3tTWHwqgenPL8CqKreCMGQbrHKNzNfpEG3RJxQe609JXfk6ZeEKMW1DG3ccMBAfnV1E4Jd6rnuo4722cbkFeHwuQcUVevG6gQ-bO2SVr31B6WVxgY2e3YqQTBgXjZXKkWgGDPvcdmQt75-JsljeRn9d00LJKWurgAhkinyDxyBk2PUi_XSdEywdPijzy01phVvq5QiEZh7DpQ.emUm3WFUAByCgkndjWr_PByuTa4pNptEFlEeuQ6UevQ&dib_tag=se&keywords=watch&qid=1738645953&sr=8-82
Sanorum,39.99,4.5,1031,https://m.media-amazon.com/images/I/71uUdxh0G+L._AC_UL320_.jpg,https://www.amazon.com/Smart-Watches-Women-Men-Call/dp/B0DGC94K5R/ref=sr_1_9?dib=eyJ2IjoiMSJ9.MENal4-7yZMAdovrVWpZVg6wSUIJpaLXxasotdQQH1t0v2qeG_lKHlAZCuaFlKElIe59gdP5Lxy4bOaF_hkHKk1g2IM8Y_4HJUXc6G5S-_NIblUrlosixo-1bdBaTl1r8G1cajRkoIB498zLX-nYaxwJlx-iQdwmohSUOA6K3Td8wiqu5C5vjXnd7NC151ZIiC7P7xlIwD7wa9d4yAYgRxrP2xNJui1AzIARCadPRtmyFwF4zQpAeyNKBxSeMVn8EyjyNswEU4PpuVvu9He-qbM-9FgxAtK2cXXg3Q4JYXs.QsVEmd7DQRE9TyaDThUyROCSbeJyZVuHQMndY5lNCFM&dib_tag=se&keywords=watch&qid=1738645934&sr=8-9
Anne Klein,39.72,4.6,9891,https://m.media-amazon.com/images/I/71QDsaFZF9L._AC_UL320_.jpg,https://www.amazon.com/Anne-Klein-AK-1980BKGB-Diamond-Accented/dp/B00ZHJDT7U/ref=sr_1_65?dib=eyJ2IjoiMSJ9.IPNacHMVEsRcMHMbl08zRSmHs9ePf-BfqMqgpZevTZon1J9rhiGgToI90jJbAMj11hdqzyCsxHWys-AZKflKlmTcrlwn3A3tTWHwqgenPL8CqKreCMGQbrHKNzNfpEG3RJxQe609JXfk6ZeEKMW1DG3ccMBAfnV1E4Jd6rnuo4722cbkFeHwuQcUVevG6gQ-bO2SVr31B6WVxgY2e3YqQTBgXjZXKkWgGDPvcdmQt75-JsljeRn9d00LJKWurgAhkinyDxyBk2PUi_XSdEywdPijzy01phVvq5QiEZh7DpQ.emUm3WFUAByCgkndjWr_PByuTa4pNptEFlEeuQ6UevQ&dib_tag=se&keywords=watch&qid=1738645953&sr=8-65
Timex,37.8,4.4,3502,https://m.media-amazon.com/images/I/91KRgOuTFDL._AC_UL320_.jpg,https://www.amazon.com/Timex-TW4B08200-Expedition-Acadia-Leather/dp/B01N9HTWNE/ref=sr_1_71?dib=eyJ2IjoiMSJ9.IPNacHMVEsRcMHMbl08zRSmHs9ePf-BfqMqgpZevTZon1J9rhiGgToI90jJbAMj11hdqzyCsxHWys-AZKflKlmTcrlwn3A3tTWHwqgenPL8CqKreCMGQbrHKNzNfpEG3RJxQe609JXfk6ZeEKMW1DG3ccMBAfnV1E4Jd6rnuo4722cbkFeHwuQcUVevG6gQ-bO2SVr31B6WVxgY2e3YqQTBgXjZXKkWgGDPvcdmQt75-JsljeRn9d00LJKWurgAhkinyDxyBk2PUi_XSdEywdPijzy01phVvq5QiEZh7DpQ.emUm3WFUAByCgkndjWr_PByuTa4pNptEFlEeuQ6UevQ&dib_tag=se&keywords=watch&qid=1738645953&sr=8-71
Timex,37.27,4.5,22685,https://m.media-amazon.com/images/I/71FcK0+PVCL._AC_UL320_.jpg,https://www.amazon.com/Timex-Unisex-T2N651-Weekender-Slip-Thru/dp/B004VR9HP2/ref=sr_1_35?dib=eyJ2IjoiMSJ9.MENal4-7yZMAdovrVWpZVg6wSUIJpaLXxasotdQQH1t0v2qeG_lKHlAZCuaFlKElIe59gdP5Lxy4bOaF_hkHKk1g2IM8Y_4HJUXc6G5S-_NIblUrlosixo-1bdBaTl1r8G1cajRkoIB498zLX-nYaxwJlx-iQdwmohSUOA6K3Td8wiqu5C5vjXnd7NC151ZIiC7P7xlIwD7wa9d4yAYgRxrP2xNJui1AzIARCadPRtmyFwF4zQpAeyNKBxSeMVn8EyjyNswEU4PpuVvu9He-qbM-9FgxAtK2cXXg3Q4JYXs.QsVEmd7DQRE9TyaDThUyROCSbeJyZVuHQMndY5lNCFM&dib_tag=se&keywords=watch&qid=1738645934&sr=8-35
Timex,37.1,4.4,16271,https://m.media-amazon.com/images/I/71S-CCwawqL._AC_UL320_.jpg,https://www.amazon.com/Timex-T2H281-Reader-Black-Leather/dp/B000AYYIYU/ref=sr_1_28?dib=eyJ2IjoiMSJ9.MENal4-7yZMAdovrVWpZVg6wSUIJpaLXxasotdQQH1t0v2qeG_lKHlAZCuaFlKElIe59gdP5Lxy4bOaF_hkHKk1g2IM8Y_4HJUXc6G5S-_NIblUrlosixo-1bdBaTl1r8G1cajRkoIB498zLX-nYaxwJlx-iQdwmohSUOA6K3Td8wiqu5C5vjXnd7NC151ZIiC7P7xlIwD7wa9d4yAYgRxrP2xNJui1AzIARCadPRtmyFwF4zQpAeyNKBxSeMVn8EyjyNswEU4PpuVvu9He-qbM-9FgxAtK2cXXg3Q4JYXs.QsVEmd7DQRE9TyaDThUyROCSbeJyZVuHQMndY5lNCFM&dib_tag=se&keywords=watch&qid=1738645934&sr=8-28
Timex,36.25,4.5,22685,https://m.media-amazon.com/images/I/717bVAbI9EL._AC_UL320_.jpg,https://www.amazon.com/Timex-Unisex-T2N654-Weekender-Slip-Thru/dp/B004VR9J0A/ref=sr_1_63?dib=eyJ2IjoiMSJ9.IPNacHMVEsRcMHMbl08zRSmHs9ePf-BfqMqgpZevTZon1J9rhiGgToI90jJbAMj11hdqzyCsxHWys-AZKflKlmTcrlwn3A3tTWHwqgenPL8CqKreCMGQbrHKNzNfpEG3RJxQe609JXfk6ZeEKMW1DG3ccMBAfnV1E4Jd6rnuo4722cbkFeHwuQcUVevG6gQ-bO2SVr31B6WVxgY2e3YqQTBgXjZXKkWgGDPvcdmQt75-JsljeRn9d00LJKWurgAhkinyDxyBk2PUi_XSdEywdPijzy01phVvq5QiEZh7DpQ.emUm3WFUAByCgkndjWr_PByuTa4pNptEFlEeuQ6UevQ&dib_tag=se&keywords=watch&qid=1738645953&sr=8-63
Anne Klein,35.12,4.6,4685,https://m.media-amazon.com/images/I/61nJopEvJ6L._AC_UL320_.jpg,https://www.amazon.com/Anne-Klein-Dress-Watch-Model/dp/B08G1XQ99P/ref=sr_1_75?dib=eyJ2IjoiMSJ9.IPNacHMVEsRcMHMbl08zRSmHs9ePf-BfqMqgpZevTZon1J9rhiGgToI90jJbAMj11hdqzyCsxHWys-AZKflKlmTcrlwn3A3tTWHwqgenPL8CqKreCMGQbrHKNzNfpEG3RJxQe609JXfk6ZeEKMW1DG3ccMBAfnV1E4Jd6rnuo4722cbkFeHwuQcUVevG6gQ-bO2SVr31B6WVxgY2e3YqQTBgXjZXKkWgGDPvcdmQt75-JsljeRn9d00LJKWurgAhkinyDxyBk2PUi_XSdEywdPijzy01phVvq5QiEZh7DpQ.emUm3WFUAByCgkndjWr_PByuTa4pNptEFlEeuQ6UevQ&dib_tag=se&keywords=watch&qid=1738645953&sr=8-75
Phyulls,32.99,4.3,2840,https://m.media-amazon.com/images/I/61hBxkEW5ZL._AC_UL320_.jpg,https://www.amazon.com/Recorder-Calculator-Calendar-Flashlight-Pedometer/dp/B09KPCCTBH/ref=sr_1_84?dib=eyJ2IjoiMSJ9.IPNacHMVEsRcMHMbl08zRSmHs9ePf-BfqMqgpZevTZon1J9rhiGgToI90jJbAMj11hdqzyCsxHWys-AZKflKlmTcrlwn3A3tTWHwqgenPL8CqKreCMGQbrHKNzNfpEG3RJxQe609JXfk6ZeEKMW1DG3ccMBAfnV1E4Jd6rnuo4722cbkFeHwuQcUVevG6gQ-bO2SVr31B6WVxgY2e3YqQTBgXjZXKkWgGDPvcdmQt75-JsljeRn9d00LJKWurgAhkinyDxyBk2PUi_XSdEywdPijzy01phVvq5QiEZh7DpQ.emUm3WFUAByCgkndjWr_PByuTa4pNptEFlEeuQ6UevQ&dib_tag=se&keywords=watch&qid=1738645953&sr=8-84
Casio,32.5,4.6,16139,https://m.media-amazon.com/images/I/61wgVZBtAAL._AC_UL320_.jpg,https://www.amazon.com/Casio-Vintage-LA670WGA-1DF-Digital-Gold-tone/dp/B003BJFQW4/ref=sr_1_73?dib=eyJ2IjoiMSJ9.IPNacHMVEsRcMHMbl08zRSmHs9ePf-BfqMqgpZevTZon1J9rhiGgToI90jJbAMj11hdqzyCsxHWys-AZKflKlmTcrlwn3A3tTWHwqgenPL8CqKreCMGQbrHKNzNfpEG3RJxQe609JXfk6ZeEKMW1DG3ccMBAfnV1E4Jd6rnuo4722cbkFeHwuQcUVevG6gQ-bO2SVr31B6WVxgY2e3YqQTBgXjZXKkWgGDPvcdmQt75-JsljeRn9d00LJKWurgAhkinyDxyBk2PUi_XSdEywdPijzy01phVvq5QiEZh7DpQ.emUm3WFUAByCgkndjWr_PByuTa4pNptEFlEeuQ6UevQ&dib_tag=se&keywords=watch&qid=1738645953&sr=8-73
Timex,31.6,4.4,2807,https://m.media-amazon.com/images/I/81SYZHsX22L._AC_UL320_.jpg,https://www.amazon.com/Timex-Expedition-Classic-Digital-Chrono/dp/B0000TIJ72/ref=sr_1_67?dib=eyJ2IjoiMSJ9.IPNacHMVEsRcMHMbl08zRSmHs9ePf-BfqMqgpZevTZon1J9rhiGgToI90jJbAMj11hdqzyCsxHWys-AZKflKlmTcrlwn3A3tTWHwqgenPL8CqKreCMGQbrHKNzNfpEG3RJxQe609JXfk6ZeEKMW1DG3ccMBAfnV1E4Jd6rnuo4722cbkFeHwuQcUVevG6gQ-bO2SVr31B6WVxgY2e3YqQTBgXjZXKkWgGDPvcdmQt75-JsljeRn9d00LJKWurgAhkinyDxyBk2PUi_XSdEywdPijzy01phVvq5QiEZh7DpQ.emUm3WFUAByCgkndjWr_PByuTa4pNptEFlEeuQ6UevQ&dib_tag=se&keywords=watch&qid=1738645953&sr=8-67
Casio,31.5,4.7,5029,https://m.media-amazon.com/images/I/613fqcaWFML._AC_UL320_.jpg,https://www.amazon.com/Casio-W735H-1AVCF-Super-Illuminator-Watch/dp/B00BS8U88W/ref=sr_1_83?dib=eyJ2IjoiMSJ9.IPNacHMVEsRcMHMbl08zRSmHs9ePf-BfqMqgpZevTZon1J9rhiGgToI90jJbAMj11hdqzyCsxHWys-AZKflKlmTcrlwn3A3tTWHwqgenPL8CqKreCMGQbrHKNzNfpEG3RJxQe609JXfk6ZeEKMW1DG3ccMBAfnV1E4Jd6rnuo4722cbkFeHwuQcUVevG6gQ-bO2SVr31B6WVxgY2e3YqQTBgXjZXKkWgGDPvcdmQt75-JsljeRn9d00LJKWurgAhkinyDxyBk2PUi_XSdEywdPijzy01phVvq5QiEZh7DpQ.emUm3WFUAByCgkndjWr_PByuTa4pNptEFlEeuQ6UevQ&dib_tag=se&keywords=watch&qid=1738645953&sr=8-83
Anne Klein,31.28,4.5,3923,https://m.media-amazon.com/images/I/71gffDfaUuL._AC_UL320_.jpg,https://www.amazon.com/Anne-Klein-Womens-105491SVTT-Two-Tone/dp/B000U5O5XI/ref=sr_1_60?dib=eyJ2IjoiMSJ9.IPNacHMVEsRcMHMbl08zRSmHs9ePf-BfqMqgpZevTZon1J9rhiGgToI90jJbAMj11hdqzyCsxHWys-AZKflKlmTcrlwn3A3tTWHwqgenPL8CqKreCMGQbrHKNzNfpEG3RJxQe609JXfk6ZeEKMW1DG3ccMBAfnV1E4Jd6rnuo4722cbkFeHwuQcUVevG6gQ-bO2SVr31B6WVxgY2e3YqQTBgXjZXKkWgGDPvcdmQt75-JsljeRn9d00LJKWurgAhkinyDxyBk2PUi_XSdEywdPijzy01phVvq5QiEZh7DpQ.emUm3WFUAByCgkndjWr_PByuTa4pNptEFlEeuQ6UevQ&dib_tag=se&keywords=watch&qid=1738645953&sr=8-60
Anne Klein,31.19,4.5,3578,https://m.media-amazon.com/images/I/815ddpJsVGL._AC_UL320_.jpg,https://www.amazon.com/Anne-Klein-Womens-Gold-Tone-Bracelet/dp/B078ZK2DVS/ref=sr_1_74?dib=eyJ2IjoiMSJ9.IPNacHMVEsRcMHMbl08zRSmHs9ePf-BfqMqgpZevTZon1J9rhiGgToI90jJbAMj11hdqzyCsxHWys-AZKflKlmTcrlwn3A3tTWHwqgenPL8CqKreCMGQbrHKNzNfpEG3RJxQe609JXfk6ZeEKMW1DG3ccMBAfnV1E4Jd6rnuo4722cbkFeHwuQcUVevG6gQ-bO2SVr31B6WVxgY2e3YqQTBgXjZXKkWgGDPvcdmQt75-JsljeRn9d00LJKWurgAhkinyDxyBk2PUi_XSdEywdPijzy01phVvq5QiEZh7DpQ.emUm3WFUAByCgkndjWr_PByuTa4pNptEFlEeuQ6UevQ&dib_tag=se&keywords=watch&qid=1738645953&sr=8-74
Anne Klein,30.47,4.5,2213,https://m.media-amazon.com/images/I/71HA+YjsWcL._AC_UL320_.jpg,https://www.amazon.com/Anne-Klein-Womens-10-6777SVTT-Two-Tone/dp/B000PU3IJ0/ref=sr_1_90?dib=eyJ2IjoiMSJ9.IPNacHMVEsRcMHMbl08zRSmHs9ePf-BfqMqgpZevTZon1J9rhiGgToI90jJbAMj11hdqzyCsxHWys-AZKflKlmTcrlwn3A3tTWHwqgenPL8CqKreCMGQbrHKNzNfpEG3RJxQe609JXfk6ZeEKMW1DG3ccMBAfnV1E4Jd6rnuo4722cbkFeHwuQcUVevG6gQ-bO2SVr31B6WVxgY2e3YqQTBgXjZXKkWgGDPvcdmQt75-JsljeRn9d00LJKWurgAhkinyDxyBk2PUi_XSdEywdPijzy01phVvq5QiEZh7DpQ.emUm3WFUAByCgkndjWr_PByuTa4pNptEFlEeuQ6UevQ&dib_tag=se&keywords=watch&qid=1738645953&sr=8-90
GRV,29.99,4.0,21940,https://m.media-amazon.com/images/I/61uC5wH8-QL._AC_UL320_.jpg,https://www.amazon.com/GRV-Android-Waterproof-Smartwatch-Calories/dp/B09J8SKX9G/ref=sr_1_27?dib=eyJ2IjoiMSJ9.MENal4-7yZMAdovrVWpZVg6wSUIJpaLXxasotdQQH1t0v2qeG_lKHlAZCuaFlKElIe59gdP5Lxy4bOaF_hkHKk1g2IM8Y_4HJUXc6G5S-_NIblUrlosixo-1bdBaTl1r8G1cajRkoIB498zLX-nYaxwJlx-iQdwmohSUOA6K3Td8wiqu5C5vjXnd7NC151ZIiC7P7xlIwD7wa9d4yAYgRxrP2xNJui1AzIARCadPRtmyFwF4zQpAeyNKBxSeMVn8EyjyNswEU4PpuVvu9He-qbM-9FgxAtK2cXXg3Q4JYXs.QsVEmd7DQRE9TyaDThUyROCSbeJyZVuHQMndY5lNCFM&dib_tag=se&keywords=watch&qid=1738645934&sr=8-27
Nine West,25.99,4.5,11304,https://m.media-amazon.com/images/I/81-HbGIsxVL._AC_UL320_.jpg,https://www.amazon.com/Nine-West-Accented-Gold-Tone-Bracelet/dp/B075YYK9NL/ref=sr_1_39?dib=eyJ2IjoiMSJ9.MENal4-7yZMAdovrVWpZVg6wSUIJpaLXxasotdQQH1t0v2qeG_lKHlAZCuaFlKElIe59gdP5Lxy4bOaF_hkHKk1g2IM8Y_4HJUXc6G5S-_NIblUrlosixo-1bdBaTl1r8G1cajRkoIB498zLX-nYaxwJlx-iQdwmohSUOA6K3Td8wiqu5C5vjXnd7NC151ZIiC7P7xlIwD7wa9d4yAYgRxrP2xNJui1AzIARCadPRtmyFwF4zQpAeyNKBxSeMVn8EyjyNswEU4PpuVvu9He-qbM-9FgxAtK2cXXg3Q4JYXs.QsVEmd7DQRE9TyaDThUyROCSbeJyZVuHQMndY5lNCFM&dib_tag=se&keywords=watch&qid=1738645934&sr=8-39
Nine West,25.99,4.5,11304,https://m.media-amazon.com/images/I/81-HbGIsxVL._AC_UL320_.jpg,https://www.amazon.com/Nine-West-Accented-Gold-Tone-Bracelet/dp/B075YYK9NL/ref=sr_1_52?dib=eyJ2IjoiMSJ9.IPNacHMVEsRcMHMbl08zRSmHs9ePf-BfqMqgpZevTZon1J9rhiGgToI90jJbAMj11hdqzyCsxHWys-AZKflKlmTcrlwn3A3tTWHwqgenPL8CqKreCMGQbrHKNzNfpEG3RJxQe609JXfk6ZeEKMW1DG3ccMBAfnV1E4Jd6rnuo4722cbkFeHwuQcUVevG6gQ-bO2SVr31B6WVxgY2e3YqQTBgXjZXKkWgGDPvcdmQt75-JsljeRn9d00LJKWurgAhkinyDxyBk2PUi_XSdEywdPijzy01phVvq5QiEZh7DpQ.emUm3WFUAByCgkndjWr_PByuTa4pNptEFlEeuQ6UevQ&dib_tag=se&keywords=watch&qid=1738645953&sr=8-52
Casio,24.95,4.4,29734,https://m.media-amazon.com/images/I/51ExcVpkZzL._AC_UL320_.jpg,https://www.amazon.com/Casio-MRW200H-1BV-Black-Resin-Watch/dp/B005JVP0LE/ref=sr_1_44?dib=eyJ2IjoiMSJ9.MENal4-7yZMAdovrVWpZVg6wSUIJpaLXxasotdQQH1t0v2qeG_lKHlAZCuaFlKElIe59gdP5Lxy4bOaF_hkHKk1g2IM8Y_4HJUXc6G5S-_NIblUrlosixo-1bdBaTl1r8G1cajRkoIB498zLX-nYaxwJlx-iQdwmohSUOA6K3Td8wiqu5C5vjXnd7NC151ZIiC7P7xlIwD7wa9d4yAYgRxrP2xNJui1AzIARCadPRtmyFwF4zQpAeyNKBxSeMVn8EyjyNswEU4PpuVvu9He-qbM-9FgxAtK2cXXg3Q4JYXs.QsVEmd7DQRE9TyaDThUyROCSbeJyZVuHQMndY5lNCFM&dib_tag=se&keywords=watch&qid=1738645934&sr=8-44
Casio,24.95,4.4,29734,https://m.media-amazon.com/images/I/51ExcVpkZzL._AC_UL320_.jpg,https://www.amazon.com/Casio-MRW200H-1BV-Black-Resin-Watch/dp/B005JVP0LE/ref=sr_1_53?dib=eyJ2IjoiMSJ9.IPNacHMVEsRcMHMbl08zRSmHs9ePf-BfqMqgpZevTZon1J9rhiGgToI90jJbAMj11hdqzyCsxHWys-AZKflKlmTcrlwn3A3tTWHwqgenPL8CqKreCMGQbrHKNzNfpEG3RJxQe609JXfk6ZeEKMW1DG3ccMBAfnV1E4Jd6rnuo4722cbkFeHwuQcUVevG6gQ-bO2SVr31B6WVxgY2e3YqQTBgXjZXKkWgGDPvcdmQt75-JsljeRn9d00LJKWurgAhkinyDxyBk2PUi_XSdEywdPijzy01phVvq5QiEZh7DpQ.emUm3WFUAByCgkndjWr_PByuTa4pNptEFlEeuQ6UevQ&dib_tag=se&keywords=watch&qid=1738645953&sr=8-53
YUINK,23.99,4.2,6876,https://m.media-amazon.com/images/I/71RA4WUklbL._AC_UL320_.jpg,https://www.amazon.com/YUINK-Ultra-Thin-Multifunctional-Chronograph-Minimalist/dp/B08JY7T5D2/ref=sr_1_77?dib=eyJ2IjoiMSJ9.IPNacHMVEsRcMHMbl08zRSmHs9ePf-BfqMqgpZevTZon1J9rhiGgToI90jJbAMj11hdqzyCsxHWys-AZKflKlmTcrlwn3A3tTWHwqgenPL8CqKreCMGQbrHKNzNfpEG3RJxQe609JXfk6ZeEKMW1DG3ccMBAfnV1E4Jd6rnuo4722cbkFeHwuQcUVevG6gQ-bO2SVr31B6WVxgY2e3YqQTBgXjZXKkWgGDPvcdmQt75-JsljeRn9d00LJKWurgAhkinyDxyBk2PUi_XSdEywdPijzy01phVvq5QiEZh7DpQ.emUm3WFUAByCgkndjWr_PByuTa4pNptEFlEeuQ6UevQ&dib_tag=se&keywords=watch&qid=1738645953&sr=8-77
IOWODO,22.92,4.3,857,https://m.media-amazon.com/images/I/71oaX1N6STL._AC_UL320_.jpg,https://www.amazon.com/IOWODO-Smart-Watch-Men-Women/dp/B0CQ7GBV5B/ref=sr_1_76?dib=eyJ2IjoiMSJ9.IPNacHMVEsRcMHMbl08zRSmHs9ePf-BfqMqgpZevTZon1J9rhiGgToI90jJbAMj11hdqzyCsxHWys-AZKflKlmTcrlwn3A3tTWHwqgenPL8CqKreCMGQbrHKNzNfpEG3RJxQe609JXfk6ZeEKMW1DG3ccMBAfnV1E4Jd6rnuo4722cbkFeHwuQcUVevG6gQ-bO2SVr31B6WVxgY2e3YqQTBgXjZXKkWgGDPvcdmQt75-JsljeRn9d00LJKWurgAhkinyDxyBk2PUi_XSdEywdPijzy01phVvq5QiEZh7DpQ.emUm3WFUAByCgkndjWr_PByuTa4pNptEFlEeuQ6UevQ&dib_tag=se&keywords=watch&qid=1738645953&sr=8-76
Armitron,22.84,4.5,2601,https://m.media-amazon.com/images/I/81-64pPlIiL._AC_UL320_.jpg,https://www.amazon.com/Armitron-Sport-408209BLK-Digital-Watch/dp/B0044QZF3I/ref=sr_1_78?dib=eyJ2IjoiMSJ9.IPNacHMVEsRcMHMbl08zRSmHs9ePf-BfqMqgpZevTZon1J9rhiGgToI90jJbAMj11hdqzyCsxHWys-AZKflKlmTcrlwn3A3tTWHwqgenPL8CqKreCMGQbrHKNzNfpEG3RJxQe609JXfk6ZeEKMW1DG3ccMBAfnV1E4Jd6rnuo4722cbkFeHwuQcUVevG6gQ-bO2SVr31B6WVxgY2e3YqQTBgXjZXKkWgGDPvcdmQt75-JsljeRn9d00LJKWurgAhkinyDxyBk2PUi_XSdEywdPijzy01phVvq5QiEZh7DpQ.emUm3WFUAByCgkndjWr_PByuTa4pNptEFlEeuQ6UevQ&dib_tag=se&keywords=watch&qid=1738645953&sr=8-78
GOLDEN HOUR,22.09,4.4,4538,https://m.media-amazon.com/images/I/61+vyrYzHDL._AC_UL320_.jpg,https://www.amazon.com/GOLDEN-HOUR-Waterproof-Professionals-Students/dp/B0C1F97FT6/ref=sr_1_48?dib=eyJ2IjoiMSJ9.MENal4-7yZMAdovrVWpZVg6wSUIJpaLXxasotdQQH1t0v2qeG_lKHlAZCuaFlKElIe59gdP5Lxy4bOaF_hkHKk1g2IM8Y_4HJUXc6G5S-_NIblUrlosixo-1bdBaTl1r8G1cajRkoIB498zLX-nYaxwJlx-iQdwmohSUOA6K3Td8wiqu5C5vjXnd7NC151ZIiC7P7xlIwD7wa9d4yAYgRxrP2xNJui1AzIARCadPRtmyFwF4zQpAeyNKBxSeMVn8EyjyNswEU4PpuVvu9He-qbM-9FgxAtK2cXXg3Q4JYXs.QsVEmd7DQRE9TyaDThUyROCSbeJyZVuHQMndY5lNCFM&dib_tag=se&keywords=watch&qid=1738645934&sr=8-48
GOLDEN HOUR,22.09,4.4,4538,https://m.media-amazon.com/images/I/61+vyrYzHDL._AC_UL320_.jpg,https://www.amazon.com/GOLDEN-HOUR-Waterproof-Professionals-Students/dp/B0C1F97FT6/ref=sr_1_61?dib=eyJ2IjoiMSJ9.IPNacHMVEsRcMHMbl08zRSmHs9ePf-BfqMqgpZevTZon1J9rhiGgToI90jJbAMj11hdqzyCsxHWys-AZKflKlmTcrlwn3A3tTWHwqgenPL8CqKreCMGQbrHKNzNfpEG3RJxQe609JXfk6ZeEKMW1DG3ccMBAfnV1E4Jd6rnuo4722cbkFeHwuQcUVevG6gQ-bO2SVr31B6WVxgY2e3YqQTBgXjZXKkWgGDPvcdmQt75-JsljeRn9d00LJKWurgAhkinyDxyBk2PUi_XSdEywdPijzy01phVvq5QiEZh7DpQ.emUm3WFUAByCgkndjWr_PByuTa4pNptEFlEeuQ6UevQ&dib_tag=se&keywords=watch&qid=1738645953&sr=8-61
Nine West,22.05,4.4,10194,https://m.media-amazon.com/images/I/71e6WHhabrL._AC_UL320_.jpg,https://www.amazon.com/Nine-West-NW-1994WTPK-Gold-Tone/dp/B06XDQMPKP/ref=sr_1_87?dib=eyJ2IjoiMSJ9.IPNacHMVEsRcMHMbl08zRSmHs9ePf-BfqMqgpZevTZon1J9rhiGgToI90jJbAMj11hdqzyCsxHWys-AZKflKlmTcrlwn3A3tTWHwqgenPL8CqKreCMGQbrHKNzNfpEG3RJxQe609JXfk6ZeEKMW1DG3ccMBAfnV1E4Jd6rnuo4722cbkFeHwuQcUVevG6gQ-bO2SVr31B6WVxgY2e3YqQTBgXjZXKkWgGDPvcdmQt75-JsljeRn9d00LJKWurgAhkinyDxyBk2PUi_XSdEywdPijzy01phVvq5QiEZh7DpQ.emUm3WFUAByCgkndjWr_PByuTa4pNptEFlEeuQ6UevQ&dib_tag=se&keywords=watch&qid=1738645953&sr=8-87
Casio,21.92,4.6,24010,https://m.media-amazon.com/images/I/6159sqOpeSL._AC_UL320_.jpg,https://www.amazon.com/Casio-Resistance-Backlight-Stopwatch-Multi-Function/dp/B001AWZDA4/ref=sr_1_43?dib=eyJ2IjoiMSJ9.MENal4-7yZMAdovrVWpZVg6wSUIJpaLXxasotdQQH1t0v2qeG_lKHlAZCuaFlKElIe59gdP5Lxy4bOaF_hkHKk1g2IM8Y_4HJUXc6G5S-_NIblUrlosixo-1bdBaTl1r8G1cajRkoIB498zLX-nYaxwJlx-iQdwmohSUOA6K3Td8wiqu5C5vjXnd7NC151ZIiC7P7xlIwD7wa9d4yAYgRxrP2xNJui1AzIARCadPRtmyFwF4zQpAeyNKBxSeMVn8EyjyNswEU4PpuVvu9He-qbM-9FgxAtK2cXXg3Q4JYXs.QsVEmd7DQRE9TyaDThUyROCSbeJyZVuHQMndY5lNCFM&dib_tag=se&keywords=watch&qid=1738645934&sr=8-43
Casio,21.92,4.5,11682,https://m.media-amazon.com/images/I/91AgG0TMbDL._AC_UL320_.jpg,https://www.amazon.com/CASIO-FT-500WC-5BVCF-Forester-Sport-Watch/dp/B004AOLA1A/ref=sr_1_49?dib=eyJ2IjoiMSJ9.IPNacHMVEsRcMHMbl08zRSmHs9ePf-BfqMqgpZevTZon1J9rhiGgToI90jJbAMj11hdqzyCsxHWys-AZKflKlmTcrlwn3A3tTWHwqgenPL8CqKreCMGQbrHKNzNfpEG3RJxQe609JXfk6ZeEKMW1DG3ccMBAfnV1E4Jd6rnuo4722cbkFeHwuQcUVevG6gQ-bO2SVr31B6WVxgY2e3YqQTBgXjZXKkWgGDPvcdmQt75-JsljeRn9d00LJKWurgAhkinyDxyBk2PUi_XSdEywdPijzy01phVvq5QiEZh7DpQ.emUm3WFUAByCgkndjWr_PByuTa4pNptEFlEeuQ6UevQ&dib_tag=se&keywords=watch&qid=1738645953&sr=8-49
Casio,21.65,4.6,26015,https://m.media-amazon.com/images/I/510T962DtNL._AC_UL320_.jpg,https://www.amazon.com/Casio-F108WH-Illuminator-Collection-Digital/dp/B0053HBJBE/ref=sr_1_8?dib=eyJ2IjoiMSJ9.MENal4-7yZMAdovrVWpZVg6wSUIJpaLXxasotdQQH1t0v2qeG_lKHlAZCuaFlKElIe59gdP5Lxy4bOaF_hkHKk1g2IM8Y_4HJUXc6G5S-_NIblUrlosixo-1bdBaTl1r8G1cajRkoIB498zLX-nYaxwJlx-iQdwmohSUOA6K3Td8wiqu5C5vjXnd7NC151ZIiC7P7xlIwD7wa9d4yAYgRxrP2xNJui1AzIARCadPRtmyFwF4zQpAeyNKBxSeMVn8EyjyNswEU4PpuVvu9He-qbM-9FgxAtK2cXXg3Q4JYXs.QsVEmd7DQRE9TyaDThUyROCSbeJyZVuHQMndY5lNCFM&dib_tag=se&keywords=watch&qid=1738645934&sr=8-8
Nine West,20.13,4.5,2657,https://m.media-amazon.com/images/I/71iBgxqFyzL._AC_UL320_.jpg,https://www.amazon.com/Nine-West-Womens-Strap-Watch/dp/B09HV5XZPP/ref=sr_1_37?dib=eyJ2IjoiMSJ9.MENal4-7yZMAdovrVWpZVg6wSUIJpaLXxasotdQQH1t0v2qeG_lKHlAZCuaFlKElIe59gdP5Lxy4bOaF_hkHKk1g2IM8Y_4HJUXc6G5S-_NIblUrlosixo-1bdBaTl1r8G1cajRkoIB498zLX-nYaxwJlx-iQdwmohSUOA6K3Td8wiqu5C5vjXnd7NC151ZIiC7P7xlIwD7wa9d4yAYgRxrP2xNJui1AzIARCadPRtmyFwF4zQpAeyNKBxSeMVn8EyjyNswEU4PpuVvu9He-qbM-9FgxAtK2cXXg3Q4JYXs.QsVEmd7DQRE9TyaDThUyROCSbeJyZVuHQMndY5lNCFM&dib_tag=se&keywords=watch&qid=1738645934&sr=8-37
Nine West,20.13,4.5,2657,https://m.media-amazon.com/images/I/71iBgxqFyzL._AC_UL320_.jpg,https://www.amazon.com/Nine-West-Womens-Strap-Watch/dp/B09HV5XZPP/ref=sr_1_56?dib=eyJ2IjoiMSJ9.IPNacHMVEsRcMHMbl08zRSmHs9ePf-BfqMqgpZevTZon1J9rhiGgToI90jJbAMj11hdqzyCsxHWys-AZKflKlmTcrlwn3A3tTWHwqgenPL8CqKreCMGQbrHKNzNfpEG3RJxQe609JXfk6ZeEKMW1DG3ccMBAfnV1E4Jd6rnuo4722cbkFeHwuQcUVevG6gQ-bO2SVr31B6WVxgY2e3YqQTBgXjZXKkWgGDPvcdmQt75-JsljeRn9d00LJKWurgAhkinyDxyBk2PUi_XSdEywdPijzy01phVvq5QiEZh7DpQ.emUm3WFUAByCgkndjWr_PByuTa4pNptEFlEeuQ6UevQ&dib_tag=se&keywords=watch&qid=1738645953&sr=8-56
Casio,19.99,4.6,51358,https://m.media-amazon.com/images/I/611typKnTvL._AC_UL320_.jpg,https://www.amazon.com/Casio-A158WA-1-Water-Resistant-Digital/dp/B000GAYQJ0/ref=sr_1_10?dib=eyJ2IjoiMSJ9.MENal4-7yZMAdovrVWpZVg6wSUIJpaLXxasotdQQH1t0v2qeG_lKHlAZCuaFlKElIe59gdP5Lxy4bOaF_hkHKk1g2IM8Y_4HJUXc6G5S-_NIblUrlosixo-1bdBaTl1r8G1cajRkoIB498zLX-nYaxwJlx-iQdwmohSUOA6K3Td8wiqu5C5vjXnd7NC151ZIiC7P7xlIwD7wa9d4yAYgRxrP2xNJui1AzIARCadPRtmyFwF4zQpAeyNKBxSeMVn8EyjyNswEU4PpuVvu9He-qbM-9FgxAtK2cXXg3Q4JYXs.QsVEmd7DQRE9TyaDThUyROCSbeJyZVuHQMndY5lNCFM&dib_tag=se&keywords=watch&qid=1738645934&sr=8-10
TYKOIT,19.99,4.0,3098,https://m.media-amazon.com/images/I/61I22cL7v+L._AC_UL320_.jpg,https://www.amazon.com/Tracking-Touchscreen-Smartwatch-Waterproof-Pedometer/dp/B0C1GNXTSW/ref=sr_1_15?dib=eyJ2IjoiMSJ9.MENal4-7yZMAdovrVWpZVg6wSUIJpaLXxasotdQQH1t0v2qeG_lKHlAZCuaFlKElIe59gdP5Lxy4bOaF_hkHKk1g2IM8Y_4HJUXc6G5S-_NIblUrlosixo-1bdBaTl1r8G1cajRkoIB498zLX-nYaxwJlx-iQdwmohSUOA6K3Td8wiqu5C5vjXnd7NC151ZIiC7P7xlIwD7wa9d4yAYgRxrP2xNJui1AzIARCadPRtmyFwF4zQpAeyNKBxSeMVn8EyjyNswEU4PpuVvu9He-qbM-9FgxAtK2cXXg3Q4JYXs.QsVEmd7DQRE9TyaDThUyROCSbeJyZVuHQMndY5lNCFM&dib_tag=se&keywords=watch&qid=1738645934&sr=8-15
Casio,19.99,4.7,28733,https://m.media-amazon.com/images/I/61QkRaEAnUL._AC_UL320_.jpg,https://www.amazon.com/Casio-AE1200WH-1A-World-Multifunction-Watch/dp/B0094B79PA/ref=sr_1_17?dib=eyJ2IjoiMSJ9.MENal4-7yZMAdovrVWpZVg6wSUIJpaLXxasotdQQH1t0v2qeG_lKHlAZCuaFlKElIe59gdP5Lxy4bOaF_hkHKk1g2IM8Y_4HJUXc6G5S-_NIblUrlosixo-1bdBaTl1r8G1cajRkoIB498zLX-nYaxwJlx-iQdwmohSUOA6K3Td8wiqu5C5vjXnd7NC151ZIiC7P7xlIwD7wa9d4yAYgRxrP2xNJui1AzIARCadPRtmyFwF4zQpAeyNKBxSeMVn8EyjyNswEU4PpuVvu9He-qbM-9FgxAtK2cXXg3Q4JYXs.QsVEmd7DQRE9TyaDThUyROCSbeJyZVuHQMndY5lNCFM&dib_tag=se&keywords=watch&qid=1738645934&sr=8-17
Anne Klein,19.14,4.5,8367,https://m.media-amazon.com/images/I/81PrmvhOIVL._AC_UL320_.jpg,https://www.amazon.com/Anne-Klein-109442CHHY-Gold-Tone-Champagne/dp/B004X4Y9ME/ref=sr_1_64?dib=eyJ2IjoiMSJ9.IPNacHMVEsRcMHMbl08zRSmHs9ePf-BfqMqgpZevTZon1J9rhiGgToI90jJbAMj11hdqzyCsxHWys-AZKflKlmTcrlwn3A3tTWHwqgenPL8CqKreCMGQbrHKNzNfpEG3RJxQe609JXfk6ZeEKMW1DG3ccMBAfnV1E4Jd6rnuo4722cbkFeHwuQcUVevG6gQ-bO2SVr31B6WVxgY2e3YqQTBgXjZXKkWgGDPvcdmQt75-JsljeRn9d00LJKWurgAhkinyDxyBk2PUi_XSdEywdPijzy01phVvq5QiEZh7DpQ.emUm3WFUAByCgkndjWr_PByuTa4pNptEFlEeuQ6UevQ&dib_tag=se&keywords=watch&qid=1738645953&sr=8-64
TORJALPH,18.99,4.1,1770,https://m.media-amazon.com/images/I/71NrPRCvFRL._AC_UL320_.jpg,https://www.amazon.com/TORJALPH-Compatible-Samsung-Waterproof-Bluetooh/dp/B09TR2NNJS/ref=sr_1_18?dib=eyJ2IjoiMSJ9.MENal4-7yZMAdovrVWpZVg6wSUIJpaLXxasotdQQH1t0v2qeG_lKHlAZCuaFlKElIe59gdP5Lxy4bOaF_hkHKk1g2IM8Y_4HJUXc6G5S-_NIblUrlosixo-1bdBaTl1r8G1cajRkoIB498zLX-nYaxwJlx-iQdwmohSUOA6K3Td8wiqu5C5vjXnd7NC151ZIiC7P7xlIwD7wa9d4yAYgRxrP2xNJui1AzIARCadPRtmyFwF4zQpAeyNKBxSeMVn8EyjyNswEU4PpuVvu9He-qbM-9FgxAtK2cXXg3Q4JYXs.QsVEmd7DQRE9TyaDThUyROCSbeJyZVuHQMndY5lNCFM&dib_tag=se&keywords=watch&qid=1738645934&sr=8-18
Casio,17.97,4.6,18654,https://m.media-amazon.com/images/I/618sFNQTZYL._AC_UL320_.jpg,https://www.amazon.com/Casio-AE-1500WH-5AVCF-10-Year-Battery/dp/B08VMTXZP1/ref=sr_1_16?dib=eyJ2IjoiMSJ9.MENal4-7yZMAdovrVWpZVg6wSUIJpaLXxasotdQQH1t0v2qeG_lKHlAZCuaFlKElIe59gdP5Lxy4bOaF_hkHKk1g2IM8Y_4HJUXc6G5S-_NIblUrlosixo-1bdBaTl1r8G1cajRkoIB498zLX-nYaxwJlx-iQdwmohSUOA6K3Td8wiqu5C5vjXnd7NC151ZIiC7P7xlIwD7wa9d4yAYgRxrP2xNJui1AzIARCadPRtmyFwF4zQpAeyNKBxSeMVn8EyjyNswEU4PpuVvu9He-qbM-9FgxAtK2cXXg3Q4JYXs.QsVEmd7DQRE9TyaDThUyROCSbeJyZVuHQMndY5lNCFM&dib_tag=se&keywords=watch&qid=1738645934&sr=8-16
L LAVAREDO,16.99,4.3,10083,https://m.media-amazon.com/images/I/71MlFGahpWL._AC_UL320_.jpg,https://www.amazon.com/Waterproof-Multifunctional-Chronograph-Backlight-Stopwatch/dp/B089NGH82D/ref=sr_1_23?dib=eyJ2IjoiMSJ9.MENal4-7yZMAdovrVWpZVg6wSUIJpaLXxasotdQQH1t0v2qeG_lKHlAZCuaFlKElIe59gdP5Lxy4bOaF_hkHKk1g2IM8Y_4HJUXc6G5S-_NIblUrlosixo-1bdBaTl1r8G1cajRkoIB498zLX-nYaxwJlx-iQdwmohSUOA6K3Td8wiqu5C5vjXnd7NC151ZIiC7P7xlIwD7wa9d4yAYgRxrP2xNJui1AzIARCadPRtmyFwF4zQpAeyNKBxSeMVn8EyjyNswEU4PpuVvu9He-qbM-9FgxAtK2cXXg3Q4JYXs.QsVEmd7DQRE9TyaDThUyROCSbeJyZVuHQMndY5lNCFM&dib_tag=se&keywords=watch&qid=1738645934&sr=8-23
Armitron,16.7,4.5,4040,https://m.media-amazon.com/images/I/81dVjlmIgUL._AC_UL320_.jpg,https://www.amazon.com/Armitron-Sport-45-7004BLU-Chronograph/dp/B006ZTJEPC/ref=sr_1_80?dib=eyJ2IjoiMSJ9.IPNacHMVEsRcMHMbl08zRSmHs9ePf-BfqMqgpZevTZon1J9rhiGgToI90jJbAMj11hdqzyCsxHWys-AZKflKlmTcrlwn3A3tTWHwqgenPL8CqKreCMGQbrHKNzNfpEG3RJxQe609JXfk6ZeEKMW1DG3ccMBAfnV1E4Jd6rnuo4722cbkFeHwuQcUVevG6gQ-bO2SVr31B6WVxgY2e3YqQTBgXjZXKkWgGDPvcdmQt75-JsljeRn9d00LJKWurgAhkinyDxyBk2PUi_XSdEywdPijzy01phVvq5QiEZh7DpQ.emUm3WFUAByCgkndjWr_PByuTa4pNptEFlEeuQ6UevQ&dib_tag=se&keywords=watch&qid=1738645953&sr=8-80
Casio,15.87,4.5,0,https://m.media-amazon.com/images/I/51qyfDB5GrL._AC_UL320_.jpg,https://www.amazon.com/Casio-F91W-1-Classic-Resin-Digital/dp/B000GAWSDG/ref=sr_1_1?dib=eyJ2IjoiMSJ9.MENal4-7yZMAdovrVWpZVg6wSUIJpaLXxasotdQQH1t0v2qeG_lKHlAZCuaFlKElIe59gdP5Lxy4bOaF_hkHKk1g2IM8Y_4HJUXc6G5S-_NIblUrlosixo-1bdBaTl1r8G1cajRkoIB498zLX-nYaxwJlx-iQdwmohSUOA6K3Td8wiqu5C5vjXnd7NC151ZIiC7P7xlIwD7wa9d4yAYgRxrP2xNJui1AzIARCadPRtmyFwF4zQpAeyNKBxSeMVn8EyjyNswEU4PpuVvu9He-qbM-9FgxAtK2cXXg3Q4JYXs.QsVEmd7DQRE9TyaDThUyROCSbeJyZVuHQMndY5lNCFM&dib_tag=se&keywords=watch&qid=1738645934&sr=8-1
Casio,15.48,4.4,28381,https://m.media-amazon.com/images/I/516s1Ljzp6L._AC_UL320_.jpg,https://www.amazon.com/Casio-Vintage-Quartz-Resistant-Classic/dp/B000GB0G7A/ref=sr_1_6?dib=eyJ2IjoiMSJ9.MENal4-7yZMAdovrVWpZVg6wSUIJpaLXxasotdQQH1t0v2qeG_lKHlAZCuaFlKElIe59gdP5Lxy4bOaF_hkHKk1g2IM8Y_4HJUXc6G5S-_NIblUrlosixo-1bdBaTl1r8G1cajRkoIB498zLX-nYaxwJlx-iQdwmohSUOA6K3Td8wiqu5C5vjXnd7NC151ZIiC7P7xlIwD7wa9d4yAYgRxrP2xNJui1AzIARCadPRtmyFwF4zQpAeyNKBxSeMVn8EyjyNswEU4PpuVvu9He-qbM-9FgxAtK2cXXg3Q4JYXs.QsVEmd7DQRE9TyaDThUyROCSbeJyZVuHQMndY5lNCFM&dib_tag=se&keywords=watch&qid=1738645934&sr=8-6
LYMFHCH,15.45,4.5,2702,https://m.media-amazon.com/images/I/61AepCrYDOL._AC_UL320_.jpg,https://www.amazon.com/LYMFHCH-Military-Waterproof-Luminous-Stopwatch/dp/B07K77NTDZ/ref=sr_1_26?dib=eyJ2IjoiMSJ9.MENal4-7yZMAdovrVWpZVg6wSUIJpaLXxasotdQQH1t0v2qeG_lKHlAZCuaFlKElIe59gdP5Lxy4bOaF_hkHKk1g2IM8Y_4HJUXc6G5S-_NIblUrlosixo-1bdBaTl1r8G1cajRkoIB498zLX-nYaxwJlx-iQdwmohSUOA6K3Td8wiqu5C5vjXnd7NC151ZIiC7P7xlIwD7wa9d4yAYgRxrP2xNJui1AzIARCadPRtmyFwF4zQpAeyNKBxSeMVn8EyjyNswEU4PpuVvu9He-qbM-9FgxAtK2cXXg3Q4JYXs.QsVEmd7DQRE9TyaDThUyROCSbeJyZVuHQMndY5lNCFM&dib_tag=se&keywords=watch&qid=1738645934&sr=8-26
Casio,14.95,4.1,6806,https://m.media-amazon.com/images/I/61mwxJmJT0L._AC_UL320_.jpg,https://www.amazon.com/Casio-Womens-LQ139A-1B3-Black-Classic/dp/B000GB0G2K/ref=sr_1_96?dib=eyJ2IjoiMSJ9.IPNacHMVEsRcMHMbl08zRSmHs9ePf-BfqMqgpZevTZon1J9rhiGgToI90jJbAMj11hdqzyCsxHWys-AZKflKlmTcrlwn3A3tTWHwqgenPL8CqKreCMGQbrHKNzNfpEG3RJxQe609JXfk6ZeEKMW1DG3ccMBAfnV1E4Jd6rnuo4722cbkFeHwuQcUVevG6gQ-bO2SVr31B6WVxgY2e3YqQTBgXjZXKkWgGDPvcdmQt75-JsljeRn9d00LJKWurgAhkinyDxyBk2PUi_XSdEywdPijzy01phVvq5QiEZh7DpQ.emUm3WFUAByCgkndjWr_PByuTa4pNptEFlEeuQ6UevQ&dib_tag=se&keywords=watch&qid=1738645953&sr=8-96
Armitron,12.69,4.2,18858,https://m.media-amazon.com/images/I/71j0nFQ4NqL._AC_UL320_.jpg,https://www.amazon.com/Armitron-Sport-45-7012PRSV-Silver-Tone/dp/B00Y2S944E/ref=sr_1_21?dib=eyJ2IjoiMSJ9.MENal4-7yZMAdovrVWpZVg6wSUIJpaLXxasotdQQH1t0v2qeG_lKHlAZCuaFlKElIe59gdP5Lxy4bOaF_hkHKk1g2IM8Y_4HJUXc6G5S-_NIblUrlosixo-1bdBaTl1r8G1cajRkoIB498zLX-nYaxwJlx-iQdwmohSUOA6K3Td8wiqu5C5vjXnd7NC151ZIiC7P7xlIwD7wa9d4yAYgRxrP2xNJui1AzIARCadPRtmyFwF4zQpAeyNKBxSeMVn8EyjyNswEU4PpuVvu9He-qbM-9FgxAtK2cXXg3Q4JYXs.QsVEmd7DQRE9TyaDThUyROCSbeJyZVuHQMndY5lNCFM&dib_tag=se&keywords=watch&qid=1738645934&sr=8-21
Amazon Essentials,11.8,4.4,5665,https://m.media-amazon.com/images/I/81SkKZjDDyL._AC_UL320_.jpg,https://www.amazon.com/Amazon-Essentials-Silver-Tone-Black-Strap/dp/B07YQFST6X/ref=sr_1_3?dib=eyJ2IjoiMSJ9.MENal4-7yZMAdovrVWpZVg6wSUIJpaLXxasotdQQH1t0v2qeG_lKHlAZCuaFlKElIe59gdP5Lxy4bOaF_hkHKk1g2IM8Y_4HJUXc6G5S-_NIblUrlosixo-1bdBaTl1r8G1cajRkoIB498zLX-nYaxwJlx-iQdwmohSUOA6K3Td8wiqu5C5vjXnd7NC151ZIiC7P7xlIwD7wa9d4yAYgRxrP2xNJui1AzIARCadPRtmyFwF4zQpAeyNKBxSeMVn8EyjyNswEU4PpuVvu9He-qbM-9FgxAtK2cXXg3Q4JYXs.QsVEmd7DQRE9TyaDThUyROCSbeJyZVuHQMndY5lNCFM&dib_tag=se&keywords=watch&qid=1738645934&sr=8-3
Amazon Essentials,11.8,4.0,3166,https://m.media-amazon.com/images/I/71F6fyefIGL._AC_UL320_.jpg,https://www.amazon.com/Amazon-Essentials-Digital-Chronograph-Gold-Tone/dp/B07YQFN2DQ/ref=sr_1_42?dib=eyJ2IjoiMSJ9.MENal4-7yZMAdovrVWpZVg6wSUIJpaLXxasotdQQH1t0v2qeG_lKHlAZCuaFlKElIe59gdP5Lxy4bOaF_hkHKk1g2IM8Y_4HJUXc6G5S-_NIblUrlosixo-1bdBaTl1r8G1cajRkoIB498zLX-nYaxwJlx-iQdwmohSUOA6K3Td8wiqu5C5vjXnd7NC151ZIiC7P7xlIwD7wa9d4yAYgRxrP2xNJui1AzIARCadPRtmyFwF4zQpAeyNKBxSeMVn8EyjyNswEU4PpuVvu9He-qbM-9FgxAtK2cXXg3Q4JYXs.QsVEmd7DQRE9TyaDThUyROCSbeJyZVuHQMndY5lNCFM&dib_tag=se&keywords=watch&qid=1738645934&sr=8-42
IBSO,9.99,4.2,190,https://m.media-amazon.com/images/I/61FbCwdMRDL._AC_UL320_.jpg,https://www.amazon.com/IBSO-Wristwatches-Silicone-Resistant-0027/dp/B0CSYY3LZG/ref=sr_1_4?dib=eyJ2IjoiMSJ9.MENal4-7yZMAdovrVWpZVg6wSUIJpaLXxasotdQQH1t0v2qeG_lKHlAZCuaFlKElIe59gdP5Lxy4bOaF_hkHKk1g2IM8Y_4HJUXc6G5S-_NIblUrlosixo-1bdBaTl1r8G1cajRkoIB498zLX-nYaxwJlx-iQdwmohSUOA6K3Td8wiqu5C5vjXnd7NC151ZIiC7P7xlIwD7wa9d4yAYgRxrP2xNJui1AzIARCadPRtmyFwF4zQpAeyNKBxSeMVn8EyjyNswEU4PpuVvu9He-qbM-9FgxAtK2cXXg3Q4JYXs.QsVEmd7DQRE9TyaDThUyROCSbeJyZVuHQMndY5lNCFM&dib_tag=se&keywords=watch&qid=1738645934&sr=8-4
NUOVO,8.99,4.3,371,https://m.media-amazon.com/images/I/61xU5wciA9L._AC_UL320_.jpg,https://www.amazon.com/NUOVO-Leather-Ladies-Classic-Display/dp/B088LX6WCK/ref=sr_1_12?dib=eyJ2IjoiMSJ9.MENal4-7yZMAdovrVWpZVg6wSUIJpaLXxasotdQQH1t0v2qeG_lKHlAZCuaFlKElIe59gdP5Lxy4bOaF_hkHKk1g2IM8Y_4HJUXc6G5S-_NIblUrlosixo-1bdBaTl1r8G1cajRkoIB498zLX-nYaxwJlx-iQdwmohSUOA6K3Td8wiqu5C5vjXnd7NC151ZIiC7P7xlIwD7wa9d4yAYgRxrP2xNJui1AzIARCadPRtmyFwF4zQpAeyNKBxSeMVn8EyjyNswEU4PpuVvu9He-qbM-9FgxAtK2cXXg3Q4JYXs.QsVEmd7DQRE9TyaDThUyROCSbeJyZVuHQMndY5lNCFM&dib_tag=se&keywords=watch&qid=1738645934&sr=8-12
